OBEC,OKRES,PSC
Abrahám,Galanta,925 45
Adidovce,Humenné,067 32
Abrahámovce,Kežmarok,059 72
Ábelová,Lučenec,985 13
Alekšince,Nitra,951 22
Andovce,Nové Zámky,941 45
Abranovce,Prešov,082 52
Abovce,Rimavská Sobota,980 44
Ardovo,Rožňava,049 55
Arnutovce,Spišská Nová Ves,053 13
Abrahámovce,Bardejov,086 43
Ardanovce,Topoľčany,956 05
Andrejová,Bardejov,086 31
Adamovské Kochanovce,Trenčín,913 06
Abramová,Turčianske Teplice,038 22
Babie,Vranov nad Topľou,094 34
Babiná,Zvolen,962 21
Babindol,Nitra,951 24
Babinec,Rimavská Sobota,980 31
Babín,Námestovo,029 44
Bacúch,Brezno,976 62
Bacúrov,Zvolen,962 37
Bačka,Trebišov,076 62
Bačkov,Trebišov,078 21
Bačkovík,Košice-okolie,044 42
Badín,Banská Bystrica,976 32
Baďan,Banská Štiavnica,969 01
Bajany,Michalovce,079 01
Bajč,Komárno,946 53
Bajerov,Prešov,082 73
Bajerovce,Sabinov,082 71
Bajka,Levice,935 33
Bajtava,Nové Zámky,943 54
Baka,Dunajská Streda,930 30
Baláže,Banská Bystrica,976 56
Baldovce,Levoča,053 04
Balog nad Ipľom,Veľký Krtíš,991 16
Baloň,Dunajská Streda,930 14
Banka,Piešťany,921 01
Banská Belá,Banská Štiavnica,969 01
Banská Bystrica,Banská Bystrica,974 01
Banská Štiavnica,Banská Štiavnica,969 01
Banské,Vranov nad Topľou,094 31
Banský Studenec,Banská Štiavnica,969 01
Baňa,Stropkov,091 02
Bara,Trebišov,076 71
Barca,Rimavská Sobota,980 52
Bardejov,Bardejov,085 01
Bardoňovo,Nové Zámky,941 48
Bartošova Lehôtka,Žiar nad Hronom,967 01
Bartošovce,Bardejov,086 02
Baška,Košice-okolie,044 56
Baškovce,Humenné,067 11
Baškovce,Sobrance,072 63
Bašovce,Piešťany,922 07
Batizovce,Poprad,059 52
Báb,Nitra,951 31
Báč,Dunajská Streda,930 32
Bádice,Nitra,951 35
Báhoň,Pezinok,900 22
Bánov,Nové Zámky,943 42
Bánovce nad Bebravou,Bánovce nad Bebravou,957 01
Bánovce nad Ondavou,Michalovce,072 14
Bátka,Rimavská Sobota,980 42
Bátorová,Veľký Krtíš,991 01
Bátorove Kosihy,Komárno,946 36
Bátovce,Levice,935 32
Beckov,Nové Mesto nad Váhom,916 38
Beharovce,Levoča,053 05
Becherov,Bardejov,086 31
Belá,Nové Zámky,943 45
Belá,Žilina,013 04
Belá-Dulice,Martin,038 02
Belá nad Cirochou,Snina,067 71
Beladice,Zlaté Moravce,951 75
Belejovce,Svidník,090 14
Belín,Rimavská Sobota,980 14
Belina,Lučenec,985 31
Belince,Topoľčany,956 18
Bellova Ves,Dunajská Streda,930 38
Beloveža,Bardejov,086 35
Beluj,Banská Štiavnica,969 01
Beluša,Púchov,020 61
Belža,Košice-okolie,044 25
Beniakovce,Košice-okolie,044 43
Benice,Martin,038 06
Benkovce,Vranov nad Topľou,094 35
Beňadiková,Liptovský Mikuláš,032 11
Beňadikovce,Svidník,090 03
Beňadovo,Námestovo,029 63
Beňatina,Sobrance,072 61
Beňuš,Brezno,976 64
Bernolákovo,Senec,900 27
Bertotovce,Prešov,082 03
Beša,Levice,935 28
Beša,Michalovce,072 16
Bešeňov,Nové Zámky,941 47
Bešeňová,Ružomberok,034 01
Betlanovce,Spišská Nová Ves,053 15
Betliar,Rožňava,049 21
Bežovce,Sobrance,072 52
Bidovce,Košice-okolie,044 45
Biel,Trebišov,076 82
Bielovce,Levice,935 35
Biely Kostol,Trnava,919 01
Bijacovce,Levoča,053 06
Biskupice,Lučenec,985 53
Biskupová,Topoľčany,956 37
Bitarová,Žilina,010 04
Bílkove Humence,Senica,906 06
Bíňa,Nové Zámky,943 55
Bíňovce,Trnava,919 08
Blahová,Dunajská Streda,930 39
Blatná na Ostrove,Dunajská Streda,930 31
Blatná Polianka,Sobrance,072 53
Blatné,Senec,900 82
Blatné Remety,Sobrance,072 54
Blatné Revištia,Sobrance,072 55
Blatnica,Martin,038 15
Blažice,Košice-okolie,044 24
Blažovce,Turčianske Teplice,038 42
Blesovce,Topoľčany,956 15
Blhovce,Rimavská Sobota,980 23
Bobot,Trenčín,913 23
Bobrov,Námestovo,029 41
Bobrovček,Liptovský Mikuláš,032 23
Bobrovec,Liptovský Mikuláš,032 22
Bobrovník,Liptovský Mikuláš,032 26
Bočiar,Košice-okolie,044 47
Bodíky,Dunajská Streda,930 05
Bodiná,Považská Bystrica,017 13
Bodorová,Turčianske Teplice,038 42
Bodovce,Sabinov,082 71
Bodružal,Svidník,090 53
Bodza,Komárno,946 39
Bodzianske Lúky,Komárno,946 17
Bogliarka,Bardejov,086 36
Bohdanovce,Košice-okolie,044 02
Bohdanovce nad Trnavou,Trnava,919 31
Boheľov,Dunajská Streda,930 33
Bohunice,Ilava,018 81
Bohunice,Levice,935 84
Bohúňovo,Rožňava,049 11
Bojná,Topoľčany,956 01
Bojnice,Prievidza,972 01
Bojničky,Hlohovec,920 51
Boldog,Senec,900 85
Boleráz,Trnava,919 03
Bolešov,Ilava,018 52
Boliarov,Košice-okolie,044 46
Boľ,Trebišov,076 73
Boľkovce,Lučenec,985 42
Borcová,Turčianske Teplice,038 42
Borčany,Bánovce nad Bebravou,957 01
Borčice,Ilava,018 53
Borinka,Malacky,900 62
Borová,Trnava,919 04
Borovce,Piešťany,922 06
Borský Mikuláš,Senica,908 73
Borský Svätý Jur,Senica,908 74
Borša,Trebišov,076 17
Bory,Levice,935 85
Bošáca,Nové Mesto nad Váhom,916 25
Bošany,Partizánske,958 42
Bottovo,Rimavská Sobota,980 01
Boťany,Trebišov,076 51
Bôrka,Rožňava,049 12
Bracovce,Michalovce,072 02
Branč,Nitra,951 15
Branovo,Nové Zámky,941 38
Bratislava I,Bratislava,811 01
Bratislava II,Bratislava,821 01
Bratislava III,Bratislava,831 01
Bratislava IV,Bratislava,841 01
Bratislava V,Bratislava,851 01
Braväcovo,Brezno,976 53
Brdárka,Rožňava,049 41
Brehov,Trebišov,076 12
Brehy,Žarnovica,966 71
Brekov,Humenné,066 01
Brestov,Humenné,067 16
Brestov,Prešov,082 05
Brestov nad Laborcom,Medzilaborce,067 01
Brestovany,Trnava,919 01
Brestovec,Myjava,906 11
Brestovec,Komárno,946 19
Bretejovce,Prešov,082 63
Bretka,Rožňava,049 13
Breza,Námestovo,029 42
Brezany,Žilina,010 04
Brezina,Trebišov,078 01
Breziny,Zvolen,962 61
Breznica,Stropkov,091 07
Breznička,Poltár,985 22
Breznička,Stropkov,091 08
Brezno,Brezno,977 01
Brezolupy,Bánovce nad Bebravou,957 01
Brezov,Bardejov,086 04
Brezová pod Bradlom,Myjava,906 15
Brezovec,Snina,067 74
Brezovica,Sabinov,082 72
Brezovica,Tvrdošín,027 44
Brezovička,Sabinov,082 73
Brezovka,Bardejov,086 05
Brežany,Prešov,082 66
Brhlovce,Levice,935 86
Brieštie,Turčianske Teplice,038 46
Brodské,Skalica,908 42
Brodzany,Partizánske,958 41
Brunovce,Nové Mesto nad Váhom,916 23
Brusnica,Stropkov,091 09
Brusník,Veľký Krtíš,991 01
Brusno,Banská Bystrica,976 52
Brutovce,Levoča,054 03
Bruty,Nové Zámky,941 07
Brvnište,Považská Bystrica,018 26
Brzotín,Rožňava,049 23
Buclovany,Bardejov,086 11
Bučany,Trnava,919 43
Budča,Zvolen,962 31
Budikovany,Rimavská Sobota,980 01
Budimír,Košice-okolie,044 43
Budiná,Lučenec,985 52
Budince,Michalovce,072 51
Budiš,Turčianske Teplice,038 42
Budkovce,Michalovce,072 15
Budmerice,Pezinok,900 86
Buglovce,Levoča,054 06
Buková,Trnava,919 07
Bukovce,Stropkov,091 12
Bukovec,Košice-okolie,044 21
Bukovec,Myjava,906 02
Bukovina,Liptovský Mikuláš,032 15
Bulhary,Lučenec,985 32
Bunetice,Košice-okolie,044 42
Bunkovce,Sobrance,072 62
Bušince,Veľký Krtíš,991 27
Bušovce,Kežmarok,059 01
Buzica,Košice-okolie,044 03
Buzitka,Lučenec,985 41
Búč,Komárno,946 35
Bystrá,Brezno,977 67
Bystrá,Stropkov,091 13
Bystrany,Spišská Nová Ves,053 11
Bystré,Vranov nad Topľou,094 01
Bystričany,Prievidza,972 32
Bystrička,Martin,038 04
Byšta,Trebišov,076 11
Bytča,Bytča,014 01
Bzenica,Žiar nad Hronom,966 04
Bzenov,Prešov,082 55
Bzince pod Javorinou,Nové Mesto nad Váhom,916 13
Bziny,Dolný Kubín,026 01
Bzovík,Krupina,962 41
Bzovská Lehôtka,Zvolen,962 71
Bžany,Stropkov,091 15
Cabaj-Čápor,Nitra,951 16
Cabov,Vranov nad Topľou,094 33
Cakov,Rimavská Sobota,980 01
Cejkov,Trebišov,076 74
Cernina,Svidník,090 56
Cerová,Senica,906 07
Cerovo,Krupina,962 63
Cestice,Košice-okolie,044 07
Cigeľ,Prievidza,972 16
Cigeľka,Bardejov,086 33
Cigla,Svidník,090 06
Cimenná,Bánovce nad Bebravou,957 05
Cinobaňa,Poltár,985 42
Cífer,Trnava,919 43
Čab,Nitra,951 52
Čabalovce,Medzilaborce,067 05
Čabiny,Medzilaborce,067 06
Čabradský Vrbovok,Krupina,962 51
Čadca,Čadca,022 01
Čachtice,Nové Mesto nad Váhom,916 21
Čajkov,Levice,935 24
Čaka,Levice,935 32
Čakajovce,Nitra,951 21
Čakanovce,Lučenec,985 54
Čakanovce,Košice-okolie,044 43
Čakany,Dunajská Streda,930 07
Čaklov,Vranov nad Topľou,094 35
Čalovec,Komárno,946 03
Čamovce,Lučenec,985 55
Čaňa,Košice-okolie,044 02
Čaradice,Zlaté Moravce,951 82
Častá,Pezinok,900 21
Častkov,Senica,906 14
Častkovce,Nové Mesto nad Váhom,916 14
Čata,Levice,935 62
Čataj,Senec,903 01
Čavoj,Prievidza,972 13
Čáry,Senica,908 43
Čebovce,Veľký Krtíš,991 08
Čečehov,Michalovce,072 53
Čečejovce,Košice-okolie,044 03
Čechy,Nové Zámky,941 46
Čechynce,Nitra,951 07
Čekovce,Krupina,962 65
Čeláre,Veľký Krtíš,991 06
Čelkova Lehota,Považská Bystrica,017 05
Čelovce,Veľký Krtíš,991 07
Čelovce,Prešov,082 41
Čeľadice,Nitra,951 96
Čeľadince,Topoľčany,956 14
Čeľovce,Trebišov,078 01
Čenkovce,Dunajská Streda,930 09
Čerenčany,Rimavská Sobota,979 01
Čereňany,Prievidza,972 46
Čerhov,Trebišov,076 51
Čerín,Banská Bystrica,974 82
Čermany,Topoľčany,956 23
Černík,Nové Zámky,941 12
Černina,Humenné,066 01
Černochov,Trebišov,076 53
Čertižné,Medzilaborce,067 03
Červená Voda,Sabinov,082 74
Červenica,Prešov,080 06
Červenica pri Sabinove,Sabinov,082 63
Červeník,Hlohovec,920 42
Červený Hrádok,Zlaté Moravce,953 01
Červený Kameň,Ilava,018 35
Červený Kláštor,Kežmarok,059 06
Červeňany,Veľký Krtíš,991 02
České Brezovo,Poltár,985 26
Čičarovce,Michalovce,072 52
Čičava,Vranov nad Topľou,094 36
Čičmany,Žilina,013 16
Čierna,Trebišov,076 52
Čierna Lehota,Bánovce nad Bebravou,957 04
Čierna Lehota,Rožňava,049 35
Čierna nad Tisou,Trebišov,076 52
Čierna Voda,Galanta,925 84
Čierne,Čadca,023 14
Čierne Kľačany,Zlaté Moravce,951 48
Čierne nad Topľou,Vranov nad Topľou,094 09
Čierne Pole,Michalovce,072 17
Čierny Balog,Brezno,976 52
Čierny Brod,Galanta,925 04
Čierny Potok,Rimavská Sobota,980 32
Čifáre,Nitra,951 54
Čiližská Radvaň,Dunajská Streda,930 06
Čimhová,Tvrdošín,027 13
Čirč,Stará Ľubovňa,065 33
Čižatice,Košice-okolie,044 16
Číčov,Komárno,945 03
Číž,Rimavská Sobota,980 55
Čoltovo,Rožňava,048 01
Čremošné,Turčianske Teplice,038 47
Čučma,Rožňava,048 01
Čukalovce,Snina,067 92
Dačov Lom,Veľký Krtíš,991 05
Daletice,Sabinov,082 61
Danišovce,Spišská Nová Ves,053 22
Dargov,Trebišov,076 15
Davidov,Vranov nad Topľou,094 21
Debraď,Košice-okolie,044 06
Dedačov,Humenné,067 01
Dedina Mládeže,Komárno,946 51
Dedinka,Nové Zámky,941 05
Dedinky,Rožňava,049 71
Dechtice,Trnava,919 53
Dekýš,Banská Štiavnica,969 63
Demandice,Levice,935 82
Demänovská Dolina,Liptovský Mikuláš,031 01
Demjata,Prešov,082 13
Detrík,Vranov nad Topľou,094 22
Detva,Detva,962 12
Detvianska Huta,Detva,962 11
Devičany,Levice,935 48
Devičie,Krupina,962 64
Dežerice,Bánovce nad Bebravou,957 62
Diaková,Martin,038 02
Diakovce,Šaľa,925 81
Diviacka Nová Ves,Prievidza,972 18
Diviaky nad Nitricou,Prievidza,972 12
Divín,Lučenec,985 52
Divina,Žilina,013 22
Divinka,Žilina,013 31
Dlhá,Trnava,919 05
Dlhá nad Kysucou,Čadca,023 02
Dlhá nad Oravou,Dolný Kubín,027 55
Dlhá nad Váhom,Šaľa,927 04
Dlhá Ves,Rožňava,049 51
Dlhé Klčovo,Vranov nad Topľou,094 23
Dlhé nad Cirochou,Snina,067 91
Dlhé Pole,Žilina,013 53
Dlhé Stráže,Levoča,054 01
Dlhoňa,Svidník,090 02
Dlžín,Prievidza,972 11
Dobrá,Trebišov,076 54
Dobrá Niva,Zvolen,962 14
Dobrá Voda,Trnava,922 05
Dobroč,Lučenec,985 43
Dobrohošť,Dunajská Streda,930 06
Dobroslava,Svidník,090 12
Dobšiná,Rožňava,049 25
Dohňany,Púchov,020 51
Dojč,Senica,906 05
Dolinka,Veľký Krtíš,991 01
Dolná Breznica,Púchov,020 61
Dolná Krupá,Trnava,919 65
Dolná Lehota,Brezno,976 66
Dolná Mariková,Považská Bystrica,018 02
Dolná Mičiná,Banská Bystrica,974 01
Dolná Poruba,Trenčín,914 41
Dolná Seč,Levice,935 32
Dolná Streda,Galanta,925 23
Dolná Strehová,Veľký Krtíš,991 07
Dolná Súča,Trenčín,913 31
Dolná Tižina,Žilina,010 04
Dolná Trnávka,Žiar nad Hronom,966 09
Dolná Ves,Žiar nad Hronom,967 01
Dolná Ždaňa,Žiar nad Hronom,966 01
Dolné Dubové,Trnava,919 07
Dolné Kočkovce,Púchov,020 52
Dolné Lefantovce,Nitra,951 45
Dolné Lovčice,Trnava,919 30
Dolné Mladonice,Krupina,962 61
Dolné Naštice,Bánovce nad Bebravou,957 52
Dolné Obdokovce,Nitra,951 36
Dolné Orešany,Trnava,919 09
Dolné Otrokovce,Hlohovec,920 01
Dolné Plachtince,Veľký Krtíš,991 03
Dolné Saliby,Galanta,925 02
Dolné Semerovce,Levice,935 55
Dolné Srnie,Nové Mesto nad Váhom,916 42
Dolné Strháre,Veľký Krtíš,991 04
Dolné Trhovište,Hlohovec,920 01
Dolné Vestenice,Prievidza,972 42
Dolné Zahorany,Rimavská Sobota,980 01
Dolné Zelenice,Hlohovec,920 52
Dolný Badín,Krupina,962 51
Dolný Bar,Dunajská Streda,930 35
Dolný Harmanec,Banská Bystrica,976 03
Dolný Hričov,Žilina,013 41
Dolný Chotár,Galanta,925 03
Dolný Kalník,Martin,038 21
Dolný Kubín,Dolný Kubín,026 01
Dolný Lieskov,Považská Bystrica,018 21
Dolný Lopašov,Piešťany,922 02
Dolný Ohaj,Nové Zámky,941 43
Dolný Pial,Levice,935 21
Dolný Štál,Dunajská Streda,929 01
Dolný Vadičov,Kysucké Nové Mesto,023 55
Doľany,Pezinok,900 93
Doľany,Levoča,053 02
Domadice,Levice,935 53
Domaníky,Krupina,962 52
Domaniža,Považská Bystrica,018 16
Domaňovce,Levoča,054 04
Donovaly,Banská Bystrica,976 39
Drábsko,Brezno,976 57
Drahňov,Michalovce,072 18
Drahovce,Piešťany,922 41
Dravce,Levoča,054 02
Dražice,Rimavská Sobota,980 01
Dražkovce,Martin,038 07
Drážovce,Krupina,962 66
Drienčany,Rimavská Sobota,980 04
Drienica,Sabinov,082 48
Drienov,Prešov,082 01
Drienovec,Košice-okolie,044 01
Drienovo,Krupina,962 53
Drienovská Nová Ves,Prešov,082 02
Drietoma,Trenčín,913 03
Drnava,Rožňava,049 45
Drňa,Rimavská Sobota,980 04
Družstevná pri Hornáde,Košice-okolie,044 31
Drženice,Levice,935 54
Držkovce,Revúca,982 67
Dubinné,Bardejov,086 37
Dubnica nad Váhom,Ilava,018 41
Dubnička,Bánovce nad Bebravou,957 61
Dubník,Nové Zámky,942 41
Dubno,Rimavská Sobota,979 01
Dubodiel,Trenčín,913 26
Dubová,Pezinok,900 91
Dubová,Svidník,090 54
Dubovany,Piešťany,922 08
Dubovce,Skalica,908 45
Dubové,Turčianske Teplice,038 22
Dubové,Zvolen,962 32
Dubovec,Rimavská Sobota,980 01
Dubovica,Sabinov,082 71
Ducové,Piešťany,922 03
Dudince,Krupina,962 71
Dukovce,Svidník,090 13
Dulov,Ilava,018 56
Dulova Ves,Prešov,080 06
Dulovce,Komárno,946 15
Dulovo,Rimavská Sobota,980 54
Dunajská Lužná,Senec,900 42
Dunajov,Čadca,023 03
Dunajská Streda,Dunajská Streda,929 01
Dunajský Klátov,Dunajská Streda,930 14
Duplín,Stropkov,091 08
Dúbrava,Levoča,054 01
Dúbrava,Liptovský Mikuláš,032 11
Dúbrava,Snina,067 93
Dúbravica,Banská Bystrica,976 33
Dúbravka,Michalovce,072 18
Dúbravy,Detva,962 12
Dvorany nad Nitrou,Topoľčany,956 12
Dvorec,Bánovce nad Bebravou,957 01
Dvorianky,Trebišov,078 02
Dvorníky,Hlohovec,920 56
Dvorníky-Včeláre,Košice-okolie,044 71
Dvory nad Žitavou,Nové Zámky,941 31
Ďačov,Sabinov,082 66
Ďanová,Martin,038 02
Ďapalovce,Vranov nad Topľou,094 34
Ďubákovo,Poltár,985 26
Ďurčiná,Žilina,010 04
Ďurďoš,Vranov nad Topľou,094 31
Ďurďošík,Košice-okolie,044 02
Ďurďové,Považská Bystrica,017 01
Ďurkov,Košice-okolie,044 16
Ďurková,Stará Ľubovňa,065 32
Ďurkovce,Veľký Krtíš,991 08
Egreš,Trebišov,076 14
Fačkov,Žilina,972 13
Falkušovce,Michalovce,072 03
Farná,Levice,935 52
Fekišovce,Sobrance,072 56
Figa,Rimavská Sobota,980 01
Fijaš,Svidník,090 11
Fiľakovo,Lučenec,986 01
Fiľakovské Kováče,Lučenec,986 01
Fintice,Prešov,080 01
Folkušová,Martin,038 08
Forbasy,Stará Ľubovňa,065 41
Frička,Bardejov,086 02
Fričkovce,Bardejov,086 42
Fričovce,Prešov,082 07
Fulianka,Prešov,080 06
Gabčíkovo,Dunajská Streda,930 05
Gaboltov,Bardejov,086 01
Gajary,Malacky,900 61
Galanta,Galanta,924 01
Galovany,Liptovský Mikuláš,031 01
Gánovce,Poprad,059 91
Gáň,Galanta,925 83
Gbelce,Nové Zámky,943 57
Gbely,Skalica,908 45
Gbeľany,Žilina,013 03
Geča,Košice-okolie,044 11
Gelnica,Gelnica,056 01
Gemer,Revúca,049 16
Gemerček,Rimavská Sobota,980 01
Gemerská Hôrka,Rožňava,049 12
Gemerská Panica,Rožňava,049 16
Gemerská Poloma,Rožňava,049 25
Gemerská Ves,Revúca,049 18
Gemerské Dechtáre,Rimavská Sobota,980 01
Gemerské Michalovce,Rimavská Sobota,980 01
Gemerské Teplice,Revúca,049 13
Gemerský Jablonec,Rimavská Sobota,980 01
Gemerský Sad,Revúca,049 14
Geraltov,Prešov,082 74
Gerlachov,Bardejov,086 02
Gerlachov,Poprad,059 86
Giglovce,Vranov nad Topľou,094 15
Giraltovce,Svidník,087 01
Girovce,Vranov nad Topľou,094 31
Glabušovce,Veľký Krtíš,991 03
Gočaltovo,Rožňava,049 11
Gočovo,Rožňava,049 25
Golianovo,Nitra,951 08
Gortva,Rimavská Sobota,980 01
Gôtovany,Liptovský Mikuláš,031 01
Granč-Petrovce,Levoča,053 05
Gregorova Vieska,Lučenec,984 01
Gregorovce,Prešov,082 08
Gribov,Stropkov,091 03
Gruzovce,Humenné,067 11
Gyňov,Košice-okolie,044 45
Habovka,Tvrdošín,027 31
Habura,Medzilaborce,067 06
Hačava,Košice-okolie,044 02
Háj,Turčianske Teplice,038 22
Háj,Košice-okolie,044 02
Hajná Nová Ves,Topoľčany,956 17
Hajnáčka,Rimavská Sobota,980 01
Hájske,Šaľa,925 54
Hajtovka,Stará Ľubovňa,065 31
Haláčovce,Bánovce nad Bebravou,957 01
Halič,Lučenec,985 11
Haligovce,Stará Ľubovňa,065 33
Haluzice,Nové Mesto nad Váhom,916 07
Hamuliakovo,Senec,900 43
Handlová,Prievidza,972 51
Hanigovce,Sabinov,082 63
Haniska,Prešov,080 01
Haniska,Košice-okolie,044 63
Hanková,Rožňava,049 21
Hankovce,Bardejov,086 21
Hankovce,Humenné,067 13
Hanušovce nad Topľou,Vranov nad Topľou,094 31
Harakovce,Levoča,054 01
Harhaj,Bardejov,086 36
Harichovce,Spišská Nová Ves,052 01
Harmanec,Banská Bystrica,976 03
Hatalov,Michalovce,072 53
Hatné,Považská Bystrica,017 07
Havaj,Stropkov,091 01
Havka,Kežmarok,059 04
Havranec,Svidník,089 01
Hažín,Michalovce,072 04
Hažín nad Cirochou,Humenné,067 16
Hažlín,Bardejov,086 02
Helcmanovce,Gelnica,055 63
Heľpa,Brezno,976 64
Henckovce,Rožňava,049 12
Henclová,Gelnica,055 63
Hencovce,Vranov nad Topľou,094 31
Hendrichovce,Prešov,082 03
Herľany,Košice-okolie,044 42
Hermanovce,Prešov,082 71
Hermanovce nad Topľou,Vranov nad Topľou,093 03
Hertník,Bardejov,086 02
Hervartov,Bardejov,086 06
Hiadeľ,Banská Bystrica,976 61
Hincovce,Spišská Nová Ves,053 22
Hladovka,Tvrdošín,027 13
Hlboké,Senica,906 02
Hlboké nad Váhom,Bytča,014 01
Hliník nad Hronom,Žiar nad Hronom,966 01
Hlinné,Vranov nad Topľou,093 05
Hlivištia,Sobrance,072 56
Hlohovec,Hlohovec,920 01
Hniezdne,Stará Ľubovňa,065 04
Hnilčík,Spišská Nová Ves,053 33
Hnilec,Spišská Nová Ves,053 33
Hnojné,Michalovce,071 01
Hnúšťa,Rimavská Sobota,981 01
Hodejov,Rimavská Sobota,980 01
Hodejovec,Rimavská Sobota,980 01
Hodkovce,Košice-okolie,044 02
Hodruša-Hámre,Žarnovica,966 61
Hokovce,Levice,935 86
Holčíkovce,Vranov nad Topľou,093 03
Holiare,Komárno,946 24
Holice,Dunajská Streda,930 41
Holíč,Skalica,908 51
Holiša,Lučenec,985 12
Holumnica,Kežmarok,059 53
Honce,Rožňava,049 23
Hontianska Vrbica,Levice,935 88
Hontianske Moravce,Krupina,962 65
Hontianske Nemce,Krupina,962 45
Hontianske Tesáre,Krupina,962 67
Hontianske Trsťany,Levice,935 55
Horná Breznica,Púchov,020 61
Horná Kráľová,Šaľa,925 81
Horná Krupá,Trnava,919 43
Horná Lehota,Dolný Kubín,027 41
Horná Lehota,Brezno,976 69
Horná Mariková,Považská Bystrica,018 06
Horná Mičiná,Banská Bystrica,974 01
Horná Poruba,Ilava,018 26
Horná Potôň,Dunajská Streda,930 37
Horná Seč,Levice,935 46
Horná Streda,Nové Mesto nad Váhom,916 14
Horná Strehová,Veľký Krtíš,991 07
Horná Súča,Trenčín,913 33
Horná Štubňa,Turčianske Teplice,038 46
Horná Ves,Prievidza,972 47
Horná Ves,Žiar nad Hronom,965 01
Horná Ždaňa,Žiar nad Hronom,966 03
Horné Dubové,Trnava,919 01
Horné Hámre,Žarnovica,966 72
Horné Chlebany,Topoľčany,956 34
Horné Lefantovce,Nitra,951 46
Horné Mladonice,Krupina,962 61
Horné Mýto,Dunajská Streda,929 01
Horné Naštice,Bánovce nad Bebravou,957 01
Horné Obdokovce,Topoľčany,956 08
Horné Orešany,Trnava,919 03
Horné Otrokovce,Hlohovec,920 01
Horné Plachtince,Veľký Krtíš,991 07
Horné Pršany,Banská Bystrica,974 01
Horné Saliby,Galanta,925 02
Horné Semerovce,Levice,935 49
Horné Srnie,Trenčín,914 41
Horné Strháre,Veľký Krtíš,991 06
Horné Štitáre,Topoľčany,956 08
Horné Trhovište,Hlohovec,920 51
Horné Turovce,Levice,935 54
Horné Vestenice,Prievidza,972 45
Horné Zahorany,Rimavská Sobota,980 01
Horné Zelenice,Hlohovec,920 51
Horný Badín,Krupina,962 46
Horný Bar,Dunajská Streda,930 36
Horný Hričov,Žilina,013 42
Horný Kalník,Martin,038 02
Horný Lieskov,Považská Bystrica,018 21
Horný Pial,Levice,935 27
Horný Tisovník,Detva,962 12
Horný Vadičov,Kysucké Nové Mesto,024 01
Horňa,Sobrance,072 53
Horňany,Trenčín,914 42
Horovce,Púchov,020 61
Horovce,Michalovce,072 05
Hoste,Galanta,925 52
Hostice,Rimavská Sobota,980 01
Hostie,Zlaté Moravce,951 95
Hostišovce,Rimavská Sobota,980 01
Hostovice,Snina,067 17
Hosťová,Nitra,951 43
Hosťovce,Zlaté Moravce,953 01
Hosťovce,Košice-okolie,044 05
Hozelec,Poprad,059 04
Hôrka,Poprad,059 05
Hôrka nad Váhom,Nové Mesto nad Váhom,916 16
Hôrky,Žilina,010 04
Hrabičov,Žarnovica,966 72
Hrabkov,Prešov,082 02
Hrabová Roztoka,Snina,067 66
Hrabovčík,Svidník,090 05
Hrabovec,Bardejov,086 42
Hrabovec nad Laborcom,Humenné,067 17
Hrabovka,Trenčín,913 23
Hrabské,Bardejov,086 02
Hrabušice,Spišská Nová Ves,053 11
Hradisko,Kežmarok,059 71
Hradište,Partizánske,958 54
Hradište,Poltár,985 26
Hradište pod Vrátnom,Senica,906 07
Hrádok,Nové Mesto nad Váhom,916 31
Hrachovište,Nové Mesto nad Váhom,916 11
Hrachovo,Rimavská Sobota,980 01
Hraničné,Stará Ľubovňa,065 36
Hranovnica,Poprad,059 92
Hraň,Trebišov,076 51
Hrašné,Myjava,907 59
Hrašovík,Košice-okolie,044 85
Hrčeľ,Trebišov,076 53
Hrhov,Rožňava,049 11
Hriadky,Trebišov,076 15
Hričovské Podhradie,Žilina,013 41
Hriňová,Detva,962 05
Hrišovce,Gelnica,054 01
Hrkovce,Levice,935 57
Hrlica,Revúca,049 11
Hrnčiarovce nad Parnou,Trnava,919 05
Hrnčiarska Ves,Poltár,985 53
Hrnčiarske Zalužany,Poltár,985 54
Hrochoť,Banská Bystrica,976 31
Hromoš,Stará Ľubovňa,065 51
Hronec,Brezno,976 63
Hronovce,Levice,935 75
Hronsek,Banská Bystrica,976 62
Hronská Breznica,Zvolen,966 22
Hronská Dúbrava,Žiar nad Hronom,966 11
Hronské Kľačany,Levice,935 27
Hronské Kosihy,Levice,935 81
Hronský Beňadik,Žarnovica,966 53
Hrubá Borša,Senec,900 24
Hruboňovo,Nitra,951 35
Hrubov,Humenné,067 24
Hrubý Šúr,Senec,900 25
Hrušov,Veľký Krtíš,991 47
Hrušov,Rožňava,044 02
Hrušovany,Topoľčany,956 14
Hrušovo,Rimavská Sobota,980 01
Hruštín,Námestovo,029 52
Hubice,Dunajská Streda,900 45
Hubina,Piešťany,922 03
Hubošovce,Sabinov,082 71
Hubová,Ružomberok,034 65
Hubovo,Rimavská Sobota,980 01
Hucín,Revúca,049 11
Hudcovce,Humenné,066 01
Hul,Nové Zámky,941 43
Humenné,Humenné,066 01
Huncovce,Kežmarok,059 92
Hunkovce,Svidník,090 21
Hurbanova Ves,Senec,903 01
Hurbanovo,Komárno,947 01
Husák,Sobrance,072 65
Husiná,Rimavská Sobota,980 01
Hutka,Bardejov,086 36
Huty,Liptovský Mikuláš,027 13
Hviezdoslavov,Dunajská Streda,900 41
Hvozdnica,Bytča,014 01
Hybe,Liptovský Mikuláš,032 31
Hýľov,Košice-okolie,044 02
Chanava,Rimavská Sobota,980 41
Chlebnice,Dolný Kubín,026 71
Chlmec,Humenné,067 01
Chľaba,Nové Zámky,943 65
Chmeľnica,Stará Ľubovňa,065 05
Chmeľov,Prešov,082 63
Chmeľová,Bardejov,086 44
Chmeľovec,Prešov,082 66
Chminianska Nová Ves,Prešov,082 42
Chminianske Jakubovany,Prešov,082 54
Chmiňany,Prešov,082 54
Choča,Zlaté Moravce,953 01
Chocholná-Velčice,Trenčín,914 41
Choňkovce,Sobrance,072 46
Chorvátsky Grob,Senec,900 26
Chorváty,Košice-okolie,044 02
Chotča,Stropkov,091 03
Chotín,Komárno,946 31
Chrabrany,Topoľčany,956 12
Chrámec,Rimavská Sobota,980 01
Chrastince,Veľký Krtíš,991 05
Chrastné,Košice-okolie,044 02
Chrasť nad Hornádom,Spišská Nová Ves,053 21
Chrenovec-Brusno,Prievidza,972 31
Chropov,Skalica,908 76
Chrťany,Veľký Krtíš,991 07
Chtelnica,Piešťany,922 12
Chudá Lehota,Bánovce nad Bebravou,956 54
Chvalová,Revúca,049 18
Chvojnica,Myjava,906 05
Chvojnica,Prievidza,972 11
Chynorany,Partizánske,958 43
Chyžné,Revúca,049 18
Igram,Senec,900 83
Ihľany,Kežmarok,059 76
Ihráč,Žiar nad Hronom,966 04
Ilava,Ilava,019 01
Iliašovce,Spišská Nová Ves,052 01
Ilija,Banská Štiavnica,969 01
Imeľ,Komárno,946 35
Inovce,Sobrance,073 61
Iňa,Levice,935 53
Iňačovce,Michalovce,072 62
Ipeľské Predmostie,Veľký Krtíš,991 06
Ipeľské Úľany,Levice,935 82
Ipeľský Sokolec,Levice,935 75
Istebné,Dolný Kubín,026 01
Ivachnová,Ružomberok,034 71
Ivančiná,Turčianske Teplice,038 41
Ivanice,Rimavská Sobota,980 01
Ivanka pri Dunaji,Senec,900 28
Ivanka pri Nitre,Nitra,951 12
Ivanovce,Trenčín,913 05
Iža,Komárno,946 39
Ižipovce,Liptovský Mikuláš,032 16
Ižkovce,Michalovce,072 51
Jablonec,Pezinok,900 31
Jablonica,Senica,906 31
Jablonka,Myjava,906 21
Jablonov,Levoča,054 01
Jablonov nad Turňou,Rožňava,049 12
Jablonové,Malacky,900 65
Jablonové,Bytča,014 03
Jabloň,Humenné,067 81
Jabloňovce,Levice,935 57
Jacovce,Topoľčany,956 23
Jahodná,Dunajská Streda,930 03
Jaklovce,Gelnica,055 63
Jakovany,Sabinov,082 71
Jakubany,Stará Ľubovňa,065 43
Jakubov,Malacky,900 63
Jakubova Voľa,Sabinov,082 71
Jakubovany,Liptovský Mikuláš,032 16
Jakubovany,Sabinov,082 51
Jakušovce,Stropkov,091 09
Jalová,Snina,067 74
Jalovec,Prievidza,972 31
Jalovec,Liptovský Mikuláš,032 21
Jalšové,Hlohovec,920 54
Jalšovík,Krupina,962 42
Jamník,Liptovský Mikuláš,032 15
Jamník,Spišská Nová Ves,053 22
Janice,Rimavská Sobota,980 01
Janík,Košice-okolie,044 62
Janíky,Dunajská Streda,930 07
Jankovce,Humenné,066 01
Janov,Prešov,082 01
Janova Lehota,Žiar nad Hronom,966 27
Janovce,Bardejov,086 42
Jánovce,Galanta,925 72
Jánovce,Poprad,059 71
Janovík,Prešov,082 03
Jarabá,Brezno,976 66
Jarabina,Stará Ľubovňa,065 21
Jarok,Nitra,951 45
Jarovnice,Sabinov,082 74
Jasenica,Považská Bystrica,017 01
Jasenie,Brezno,976 75
Jasenov,Humenné,066 01
Jasenov,Sobrance,072 51
Jasenová,Dolný Kubín,026 01
Jasenovce,Vranov nad Topľou,094 21
Jasenové,Žilina,013 18
Jasenovo,Turčianske Teplice,038 45
Jaslovské Bohunice,Trnava,919 30
Jasov,Košice-okolie,044 23
Jasová,Nové Zámky,941 34
Jastrabá,Žiar nad Hronom,966 25
Jastrabie nad Topľou,Vranov nad Topľou,094 22
Jastrabie pri Michalovciach,Michalovce,072 54
Jatov,Nové Zámky,940 02
Jazernica,Turčianske Teplice,038 41
Jedlinka,Bardejov,086 37
Jedľové Kostoľany,Zlaté Moravce,951 92
Jelenec,Nitra,951 72
Jelka,Galanta,925 23
Jelšava,Revúca,049 16
Jelšovce,Nitra,951 52
Jelšovec,Lučenec,985 33
Jenkovce,Sobrance,072 57
Jesenské,Levice,935 71
Jesenské,Rimavská Sobota,980 02
Jestice,Rimavská Sobota,980 01
Ješkova Ves,Partizánske,972 44
Jezersko,Kežmarok,059 04
Jovice,Rožňava,049 11
Jovsa,Michalovce,072 54
Jur nad Hronom,Levice,935 57
Jurkova Voľa,Svidník,089 01
Jurová,Dunajská Streda,930 05
Jurské,Kežmarok,059 55
Juskova Voľa,Vranov nad Topľou,093 05
Kačanov,Michalovce,072 58
Kajal,Galanta,925 21
Kalameny,Ružomberok,034 51
Kalinkovo,Senec,900 42
Kalinov,Medzilaborce,067 01
Kalinovo,Poltár,985 01
Kalná nad Hronom,Levice,935 32
Kalná Roztoka,Snina,067 65
Kálnica,Nové Mesto nad Váhom,916 23
Kalnište,Svidník,090 13
Kalonda,Lučenec,985 33
Kalša,Košice-okolie,044 17
Kaloša,Rimavská Sobota,980 01
Kaluža,Michalovce,072 04
Kaľamenová,Turčianske Teplice,038 21
Kaľava,Spišská Nová Ves,053 02
Kamanová,Topoľčany,956 21
Kamenec pod Vtáčnikom,Prievidza,972 16
Kamenica,Sabinov,082 71
Kamenica nad Cirochou,Humenné,067 83
Kamenica nad Hronom,Nové Zámky,943 62
Kameničany,Ilava,018 57
Kameničná,Komárno,946 35
Kamenín,Nové Zámky,946 38
Kamenná Poruba,Žilina,013 13
Kamenná Poruba,Vranov nad Topľou,093 01
Kamenné Kosihy,Veľký Krtíš,991 24
Kamenný Most,Nové Zámky,943 44
Kameňany,Revúca,049 18
Kamienka,Humenné,067 23
Kamienka,Stará Ľubovňa,065 03
Kanianka,Prievidza,972 17
Kapince,Nitra,951 41
Kapišová,Svidník,090 05
Kaplna,Senec,900 23
Kapušany,Prešov,082 12
Kapušianske Kľačany,Michalovce,072 06
Karlová,Martin,038 07
Karná,Humenné,067 01
Kašov,Trebišov,076 14
Kátlovce,Trnava,919 53
Kátov,Skalica,908 63
Kazimír,Trebišov,076 13
Kecerovce,Košice-okolie,044 47
Kecerovský Lipovec,Košice-okolie,044 47
Kečkovce,Svidník,090 05
Kečovo,Rožňava,049 11
Kechnec,Košice-okolie,044 61
Kendice,Prešov,082 02
Kesovce,Rimavská Sobota,980 01
Keť,Levice,935 55
Kežmarok,Kežmarok,060 01
Kiarov,Veľký Krtíš,991 05
Kladzany,Vranov nad Topľou,094 23
Klasov,Nitra,951 53
Kláštor pod Znievom,Martin,038 43
Klátova Nová Ves,Partizánske,956 57
Klčov,Levoča,054 01
Klenov,Prešov,082 42
Klenová,Snina,067 71
Klenovec,Rimavská Sobota,982 65
Kleňany,Veľký Krtíš,991 07
Klieština,Považská Bystrica,017 05
Klin,Námestovo,029 70
Klin nad Bodrogom,Trebišov,076 82
Klížska Nemá,Komárno,946 37
Klokoč,Detva,962 05
Klokočov,Čadca,023 22
Klokočov,Michalovce,072 56
Klubina,Čadca,023 04
Kluknava,Gelnica,054 02
Kľačany,Hlohovec,920 41
Kľače,Žilina,013 19
Kľačno,Prievidza,972 14
Kľak,Žarnovica,966 72
Kľúčovec,Dunajská Streda,930 09
Kľušov,Bardejov,086 01
Kmeťovo,Nové Zámky,941 41
Kobeliarovo,Rožňava,049 26
Kobylnice,Svidník,090 11
Kobyly,Bardejov,086 33
Koceľovce,Rožňava,049 22
Kociha,Rimavská Sobota,980 01
Kocurany,Prievidza,972 02
Kočín-Lančár,Piešťany,922 03
Kočovce,Nové Mesto nad Váhom,914 01
Kochanovce,Bardejov,086 41
Kochanovce,Humenné,067 25
Kojatice,Prešov,082 02
Kojšov,Gelnica,055 63
Kokava nad Rimavicou,Poltár,985 22
Kokošovce,Prešov,082 01
Kokšov-Bakša,Košice-okolie,044 21
Kolačkov,Stará Ľubovňa,065 23
Kolačno,Partizánske,958 44
Koláre,Veľký Krtíš,991 08
Kolárovice,Bytča,013 53
Kolárovo,Komárno,946 03
Kolbasov,Snina,067 76
Kolbovce,Stropkov,091 01
Kolibabovce,Sobrance,072 56
Kolinovce,Spišská Nová Ves,053 02
Kolíňany,Nitra,951 97
Kolonica,Snina,067 77
Kolta,Nové Zámky,941 32
Komárany,Vranov nad Topľou,094 23
Komárno,Komárno,945 01
Komárov,Bardejov,086 35
Komárovce,Košice-okolie,044 31
Komjatice,Nové Zámky,942 21
Komjatná,Ružomberok,034 91
Komoča,Nové Zámky,941 35
Koniarovce,Topoľčany,956 16
Konrádovce,Rimavská Sobota,980 01
Konská,Liptovský Mikuláš,032 11
Konská,Žilina,013 13
Koňuš,Sobrance,072 45
Kopčany,Skalica,908 48
Kopernica,Žiar nad Hronom,966 31
Koplotovce,Hlohovec,920 43
Koprivnica,Bardejov,086 41
Kordíky,Banská Bystrica,976 12
Korejovce,Svidník,090 18
Korňa,Čadca,023 25
Koromľa,Sobrance,072 44
Korunková,Stropkov,091 05
Korytárky,Detva,962 04
Korytné,Levoča,054 01
Kosihovce,Veľký Krtíš,991 08
Kosihy nad Ipľom,Veľký Krtíš,991 05
Kosorín,Žiar nad Hronom,966 22
Kostolec,Považská Bystrica,017 01
Kostolište,Malacky,900 66
Kostolná pri Dunaji,Senec,900 24
Kostolná Ves,Prievidza,972 32
Kostolná-Záriečie,Trenčín,913 11
Kostolné,Myjava,906 23
Kostolné Kračany,Dunajská Streda,930 07
Kostoľany nad Hornádom,Košice-okolie,044 31
Kostoľany pod Tribečom,Zlaté Moravce,951 93
Koš,Prievidza,972 01
Košariská,Myjava,906 08
Košarovce,Humenné,067 12
Košeca,Ilava,018 64
Košecké Podhradie,Ilava,018 63
Košice I,Košice,040 01
Košice II,Košice,040 01
Košice III,Košice,040 01
Košice IV,Košice,040 01
Košická Belá,Košice-okolie,044 71
Košická Polianka,Košice-okolie,044 47
Košické Oľšany,Košice-okolie,044 31
Košický Klečenov,Košice-okolie,044 36
Koškovce,Humenné,067 24
Košolná,Trnava,919 09
Košúty,Galanta,925 24
Košťany nad Turcom,Martin,038 07
Kotešová,Bytča,013 62
Kotmanová,Lučenec,985 14
Kotrčiná Lúčka,Žilina,013 61
Kováčová,Zvolen,962 31
Kováčová,Rožňava,049 11
Kováčovce,Veľký Krtíš,991 07
Koválov,Senica,906 03
Koválovec,Skalica,908 76
Kovarce,Topoľčany,956 36
Kozárovce,Levice,935 22
Kozelník,Banská Štiavnica,969 01
Kozí Vrbovok,Krupina,962 51
Kožany,Bardejov,086 36
Kožuchov,Trebišov,076 78
Kožuchovce,Stropkov,091 03
Kračúnovce,Svidník,090 54
Krahule,Žiar nad Hronom,967 01
Krajná Bystrá,Svidník,090 58
Krajná Poľana,Svidník,090 57
Krajná Porúbka,Svidník,089 01
Krajné,Myjava,907 57
Krajné Čierno,Svidník,090 17
Krakovany,Piešťany,921 41
Králiky,Banská Bystrica,974 05
Kráľ,Rimavská Sobota,980 01
Kráľov Brod,Galanta,925 03
Kráľova Lehota,Liptovský Mikuláš,032 33
Kráľova nad Váhom,Šaľa,925 87
Kráľova pri Senci,Senec,900 29
Kraľovany,Dolný Kubín,027 51
Kráľovce,Košice-okolie,044 13
Kráľovce-Krnišov,Krupina,962 44
Kráľovičove Kračany,Dunajská Streda,930 02
Kráľovský Chlmec,Trebišov,076 79
Kraskovo,Rimavská Sobota,980 01
Krásna Lúka,Sabinov,082 63
Krásna Ves,Bánovce nad Bebravou,957 06
Krásno,Partizánske,958 45
Krásno nad Kysucou,Čadca,023 02
Krásnohorská Dlhá Lúka,Rožňava,048 01
Krásnohorské Podhradie,Rožňava,049 41
Krásnovce,Michalovce,072 57
Krásny Brod,Medzilaborce,067 04
Krasňany,Žilina,013 04
Kravany,Poprad,059 52
Kravany,Trebišov,078 01
Kravany nad Dunajom,Komárno,946 23
Krčava,Sobrance,072 66
Kremná,Stará Ľubovňa,065 35
Kremnica,Žiar nad Hronom,967 01
Kremnické Bane,Žiar nad Hronom,967 01
Kristy,Sobrance,072 53
Krišľovce,Stropkov,091 04
Krišovská Liesková,Michalovce,072 17
Krivá,Dolný Kubín,027 55
Krivany,Sabinov,082 71
Kriváň,Detva,962 04
Krivé,Bardejov,086 45
Krivoklát,Ilava,018 54
Krivosúd-Bodovka,Trenčín,913 24
Kríže,Bardejov,086 05
Krížová Ves,Kežmarok,059 01
Krížovany,Prešov,082 54
Križovany nad Dudváhom,Trnava,919 24
Krná,Poltár,985 24
Krnča,Topoľčany,956 05
Krokava,Rimavská Sobota,980 01
Krompachy,Spišská Nová Ves,053 42
Krpeľany,Martin,038 22
Krškany,Levice,935 32
Krtovce,Topoľčany,956 04
Kručov,Stropkov,091 07
Krupina,Krupina,963 01
Krušetnica,Námestovo,029 55
Krušinec,Stropkov,091 08
Krušovce,Topoľčany,956 01
Kružlov,Bardejov,086 33
Kružlová,Svidník,090 16
Kružná,Rožňava,049 21
Kružno,Rimavská Sobota,980 01
Kšinná,Bánovce nad Bebravou,957 04
Kubáňovo,Levice,935 39
Kučín,Bardejov,086 01
Kučín,Vranov nad Topľou,094 34
Kuchyňa,Malacky,900 56
Kuklov,Senica,908 49
Kuková,Svidník,090 04
Kukučínov,Levice,935 74
Kunerad,Žilina,013 13
Kunešov,Žiar nad Hronom,966 23
Kunova Teplica,Rožňava,049 24
Kuraľany,Levice,935 53
Kurima,Bardejov,086 01
Kurimany,Levoča,054 01
Kurimka,Svidník,090 56
Kurov,Bardejov,086 03
Kusín,Michalovce,072 41
Kútniky,Dunajská Streda,930 11
Kúty,Senica,908 44
Kuzmice,Topoľčany,956 32
Kuzmice,Trebišov,076 76
Kvačany,Liptovský Mikuláš,032 15
Kvačany,Prešov,082 43
Kvakovce,Vranov nad Topľou,094 31
Kvašov,Púchov,020 61
Kvetoslavov,Dunajská Streda,900 44
Kyjatice,Rimavská Sobota,980 01
Kyjov,Stará Ľubovňa,065 38
Kynceľová,Banská Bystrica,974 01
Kysak,Košice-okolie,044 47
Kyselica,Dunajská Streda,930 12
Kysta,Trebišov,078 01
Kysucké Nové Mesto,Kysucké Nové Mesto,024 01
Kysucký Lieskovec,Kysucké Nové Mesto,024 05
Láb,Malacky,900 67
Lackov,Krupina,962 44
Lacková,Stará Ľubovňa,065 34
Lackovce,Humenné,066 01
Lada,Prešov,082 12
Ladce,Ilava,018 63
Ladice,Zlaté Moravce,951 77
Ladmovce,Trebišov,076 52
Ladomerská Vieska,Žiar nad Hronom,966 21
Ladomirov,Snina,067 74
Ladomirová,Svidník,090 53
Ladzany,Krupina,962 64
Lakšárska Nová Ves,Senica,906 05
Lascov,Bardejov,086 41
Laskár,Martin,038 01
Lastomír,Michalovce,072 08
Lastovce,Trebišov,076 19
Laškovce,Michalovce,072 08
Látky,Detva,962 13
Lazany,Prievidza,972 13
Lazisko,Liptovský Mikuláš,032 12
Lazy pod Makytou,Púchov,020 54
Lažany,Prešov,082 02
Lednica,Púchov,020 56
Lednické Rovne,Púchov,020 61
Legnava,Stará Ľubovňa,065 37
Lehnice,Dunajská Streda,930 04
Lehota,Nitra,951 36
Lehota nad Rimavicou,Rimavská Sobota,982 67
Lehota pod Vtáčnikom,Prievidza,972 15
Lehôtka,Lučenec,985 33
Lehôtka pod Brehmi,Žiar nad Hronom,966 01
Lechnica,Kežmarok,059 06
Lekárovce,Sobrance,072 42
Leles,Trebišov,076 51
Leľa,Nové Zámky,935 88
Lemešany,Prešov,082 03
Lenartov,Bardejov,086 06
Lenartovce,Rimavská Sobota,980 01
Lendak,Kežmarok,059 93
Lenka,Rimavská Sobota,980 01
Lentvora,Lučenec,966 04
Leopoldov,Hlohovec,920 41
Lesenice,Veľký Krtíš,991 08
Lesíček,Prešov,082 54
Lesné,Michalovce,072 55
Lesnica,Stará Ľubovňa,065 37
Leštiny,Dolný Kubín,026 31
Lešť (vojenský obvod),Zvolen,962 63
Letanovce,Spišská Nová Ves,053 15
Letničie,Skalica,908 65
Leváre,Revúca,049 18
Levice,Levice,934 01
Levkuška,Revúca,066 01
Levoča,Levoča,054 01
Ležiachov,Martin,038 06
Libichava,Bánovce nad Bebravou,957 05
Licince,Revúca,049 12
Ličartovce,Prešov,082 03
Liesek,Tvrdošín,027 12
Lieskovany,Spišská Nová Ves,067 15
Lieskovec,Zvolen,962 21
Lieskovec,Humenné,067 01
Liešno,Turčianske Teplice,038 46
Liešťany,Prievidza,972 18
Lietava,Žilina,013 11
Lietavská Lúčka,Žilina,013 11
Lietavská Svinná-Babkov,Žilina,013 11
Likavka,Ružomberok,034 61
Limbach,Pezinok,900 91
Lipany,Sabinov,082 71
Lipník,Prievidza,972 11
Lipníky,Prešov,082 71
Lipová,Nové Zámky,943 58
Lipová,Bardejov,086 37
Lipovany,Lučenec,985 56
Lipovce,Prešov,082 45
Lipové,Komárno,946 16
Lipovec,Martin,038 02
Lipovec,Rimavská Sobota,980 01
Lipovník,Topoľčany,956 32
Lipovník,Rožňava,049 12
Liptovská Anna,Liptovský Mikuláš,032 14
Liptovská Kokava,Liptovský Mikuláš,032 31
Liptovská Lúžna,Ružomberok,034 72
Liptovská Osada,Ružomberok,034 73
Liptovská Porúbka,Liptovský Mikuláš,032 32
Liptovská Sielnica,Liptovský Mikuláš,032 23
Liptovská Štiavnica,Ružomberok,034 71
Liptovská Teplá,Ružomberok,034 62
Liptovská Teplička,Poprad,059 40
Liptovské Beharovce,Liptovský Mikuláš,032 14
Liptovské Kľačany,Liptovský Mikuláš,032 17
Liptovské Matiašovce,Liptovský Mikuláš,032 22
Liptovské Revúce,Ružomberok,034 77
Liptovské Sliače,Ružomberok,034 84
Liptovský Hrádok,Liptovský Mikuláš,032 02
Liptovský Ján,Liptovský Mikuláš,032 03
Liptovský Michal,Ružomberok,034 66
Liptovský Mikuláš,Liptovský Mikuláš,031 01
Liptovský Ondrej,Liptovský Mikuláš,032 13
Liptovský Peter,Liptovský Mikuláš,032 02
Liptovský Trnovec,Liptovský Mikuláš,032 21
Lisková,Ružomberok,034 66
Lišov,Krupina,962 52
Litava,Krupina,962 53
Litmanová,Stará Ľubovňa,065 39
Livina,Partizánske,958 58
Livinské Opatovce,Partizánske,958 57
Livov,Bardejov,086 04
Livovská Huta,Bardejov,086 04
Lodno,Kysucké Nové Mesto,024 08
Lok,Levice,935 58
Lokca,Námestovo,029 51
Lom nad Rimavicou,Brezno,982 83
Lomná,Námestovo,029 57
Lomné,Stropkov,091 06
Lomnička,Stará Ľubovňa,065 04
Lontov,Levice,935 77
Lopašov,Skalica,908 61
Lopúchov,Bardejov,086 02
Lopušné Pažite,Kysucké Nové Mesto,024 07
Lošonec,Trnava,919 04
Lovce,Zlaté Moravce,951 93
Lovča,Žiar nad Hronom,966 23
Lovčica-Trubín,Žiar nad Hronom,966 23
Lovinobaňa,Lučenec,985 55
Lozorno,Malacky,900 55
Ložín,Michalovce,072 01
Lubeník,Revúca,049 16
Lubina,Nové Mesto nad Váhom,907 61
Lúč na Ostrove,Dunajská Streda,930 40
Lučatín,Banská Bystrica,976 61
Lučenec,Lučenec,984 01
Lúčina,Prešov,082 71
Lučivná,Poprad,059 57
Lúčka,Levoča,054 01
Lúčka,Sabinov,082 71
Lúčka,Svidník,090 04
Lúčka,Rožňava,049 35
Lúčky,Ružomberok,034 82
Lúčky,Žiar nad Hronom,966 22
Lúčky,Michalovce,072 44
Lúčnica nad Žitavou,Nitra,951 88
Ludanice,Topoľčany,956 11
Ludrová,Ružomberok,034 76
Luhyňa,Trebišov,076 15
Lúka,Nové Mesto nad Váhom,916 16
Lukačovce,Humenné,067 01
Lukáčovce,Nitra,951 21
Lukavica,Zvolen,962 31
Lukavica,Bardejov,086 37
Lukov,Bardejov,086 03
Lukovištia,Rimavská Sobota,980 01
Lúky,Púchov,020 64
Lula,Levice,935 85
Lupoč,Lučenec,985 42
Lutila,Žiar nad Hronom,966 23
Lutiše,Žilina,013 58
Lužany,Topoľčany,956 31
Lužany pri Topli,Svidník,090 19
Lužianky,Nitra,951 41
Lysá pod Makytou,Púchov,020 55
Lysica,Žilina,013 53
Ľubá,Nové Zámky,942 44
Ľubeľa,Liptovský Mikuláš,032 18
Ľubica,Kežmarok,059 55
Ľubietová,Banská Bystrica,976 61
Ľubiša,Humenné,066 01
Ľubochňa,Ružomberok,034 74
Ľuboreč,Lučenec,985 15
Ľuboriečka,Veľký Krtíš,991 03
Ľubotice,Prešov,080 01
Ľubotín,Stará Ľubovňa,065 02
Ľubovec,Prešov,082 44
Ľudovítová,Nitra,951 54
Ľutina,Sabinov,082 74
Ľutov,Bánovce nad Bebravou,957 03
Macov,Dunajská Streda,930 01
Mad,Dunajská Streda,076 81
Madunice,Hlohovec,920 51
Magnezitovce,Revúca,049 16
Machulince,Zlaté Moravce,951 77
Majcichov,Trnava,919 21
Majere,Kežmarok,059 06
Majerovce,Vranov nad Topľou,093 05
Makov,Čadca,023 56
Makovce,Stropkov,091 01
Malá Čalomija,Veľký Krtíš,991 09
Malá Čausa,Prievidza,972 13
Malá Čierna,Žilina,013 13
Malá Domaša,Vranov nad Topľou,094 08
Malá Franková,Kežmarok,059 06
Malá Hradná,Bánovce nad Bebravou,957 01
Malá Ida,Košice-okolie,044 20
Malá Lehota,Žarnovica,966 72
Malá Lodina,Košice-okolie,044 36
Malá Mača,Galanta,925 27
Malá nad Hronom,Nové Zámky,943 56
Malá Poľana,Stropkov,091 09
Malá Tŕňa,Trebišov,076 53
Malacky,Malacky,901 01
Malachov,Banská Bystrica,974 05
Málaš,Levice,935 62
Malatiná,Dolný Kubín,027 56
Malatíny,Liptovský Mikuláš,032 13
Malcov,Bardejov,086 07
Malčice,Michalovce,072 64
Malé Borové,Liptovský Mikuláš,027 45
Malé Dvorníky,Dunajská Streda,930 18
Malé Chyndice,Nitra,951 75
Malé Hoste,Bánovce nad Bebravou,956 52
Malé Kosihy,Nové Zámky,943 55
Malé Kozmálovce,Levice,935 27
Malé Kršteňany,Partizánske,958 04
Malé Lednice,Považská Bystrica,018 21
Malé Leváre,Malacky,900 66
Malé Ludince,Levice,935 56
Malé Ozorovce,Trebišov,076 63
Malé Raškovce,Michalovce,072 07
Malé Ripňany,Topoľčany,956 07
Malé Straciny,Veľký Krtíš,991 03
Malé Trakany,Trebišov,076 61
Malé Uherce,Partizánske,958 02
Malé Vozokany,Zlaté Moravce,951 83
Malé Zálužie,Nitra,951 46
Malé Zlievce,Veľký Krtíš,991 08
Málinec,Poltár,985 26
Malinová,Prievidza,972 13
Malinovo,Senec,900 45
Malužiná,Liptovský Mikuláš,032 34
Malý Cetín,Nitra,951 07
Malý Čepčín,Turčianske Teplice,038 48
Malý Horeš,Trebišov,076 83
Malý Kamenec,Trebišov,076 53
Malý Krtíš,Veľký Krtíš,991 01
Malý Lapáš,Nitra,951 15
Malý Lipník,Stará Ľubovňa,065 36
Malý Slavkov,Kežmarok,059 52
Malý Slivník,Prešov,082 12
Malý Šariš,Prešov,080 06
Malženice,Trnava,919 01
Mankovce,Zlaté Moravce,951 77
Maňa,Nové Zámky,941 42
Marcelová,Komárno,946 03
Margecany,Gelnica,055 62
Marhaň,Bardejov,086 07
Marianka,Malacky,900 33
Markovce,Michalovce,072 57
Markuška,Rožňava,049 25
Markušovce,Spišská Nová Ves,052 01
Maršová-Rašov,Bytča,014 02
Martin,Martin,036 01
Martin nad Žitavou,Zlaté Moravce,951 02
Martinček,Ružomberok,034 75
Martinová,Rimavská Sobota,980 01
Martovce,Komárno,946 03
Mašková,Lučenec,985 53
Maškovce,Humenné,067 23
Matejovce nad Hornádom,Spišská Nová Ves,053 04
Matiaška,Vranov nad Topľou,094 27
Matiašovce,Kežmarok,059 54
Matovce,Svidník,090 11
Matúškovo,Galanta,925 26
Matysová,Stará Ľubovňa,065 37
Maťovské Vojkovce,Michalovce,072 58
Medovarce,Krupina,962 64
Medvedie,Svidník,090 18
Medveďov,Dunajská Streda,930 07
Medzany,Prešov,082 71
Medzev,Košice-okolie,044 33
Medzianky,Vranov nad Topľou,093 01
Medzibrod,Banská Bystrica,976 33
Medzibrodie nad Oravou,Dolný Kubín,027 43
Medzilaborce,Medzilaborce,068 01
Melčice-Lieskové,Trenčín,913 07
Melek,Nitra,951 15
Meliata,Rožňava,049 12
Mengusovce,Poprad,059 94
Merašice,Hlohovec,920 31
Merník,Vranov nad Topľou,093 01
Mestečko,Púchov,020 51
Mestisko,Svidník,090 04
Mičakovce,Svidník,090 03
Mierovo,Dunajská Streda,900 46
Miezgovce,Bánovce nad Bebravou,957 01
Michajlov,Snina,067 79
Michal na Ostrove,Dunajská Streda,930 06
Michal nad Žitavou,Nové Zámky,941 36
Michalková,Zvolen,962 26
Michalok,Vranov nad Topľou,093 02
Michalová,Brezno,976 52
Michalovce,Michalovce,071 01
Michaľany,Trebišov,076 18
Miklušovce,Prešov,082 03
Miková,Stropkov,091 03
Mikulášová,Bardejov,086 31
Mikušovce,Ilava,018 57
Mikušovce,Lučenec,985 33
Milhosť,Košice-okolie,044 77
Miloslavov,Senec,900 42
Milpoš,Sabinov,082 71
Miňovce,Stropkov,091 05
Mirkovce,Prešov,082 03
Miroľa,Svidník,090 02
Mládzovo,Poltár,985 01
Mlynárovce,Svidník,090 03
Mlynčeky,Kežmarok,059 53
Mlynica,Poprad,059 54
Mlynky,Spišská Nová Ves,053 33
Mníchova Lehota,Trenčín,913 11
Mníšek nad Hnilcom,Gelnica,055 62
Mníšek nad Popradom,Stará Ľubovňa,065 34
Moča,Komárno,946 51
Močenok,Šaľa,951 46
Močiar,Banská Štiavnica,969 01
Modra,Pezinok,900 01
Modra nad Cirochou,Humenné,066 01
Modrany,Komárno,946 15
Modrová,Nové Mesto nad Váhom,916 35
Modrovka,Nové Mesto nad Váhom,916 35
Modrý Kameň,Veľký Krtíš,991 07
Mojmírovce,Nitra,951 15
Mojš,Žilina,013 05
Mojtín,Púchov,020 71
Mojzesovo,Nové Zámky,941 04
Mokrá Lúka,Revúca,049 16
Mokrance,Košice-okolie,044 61
Mokroluh,Bardejov,086 04
Mokrý Háj,Skalica,908 49
Moldava nad Bodvou,Košice-okolie,045 01
Moravany,Michalovce,071 01
Moravany nad Váhom,Piešťany,922 21
Moravské Lieskové,Nové Mesto nad Váhom,907 71
Moravský Svätý Ján,Senica,908 75
Most pri Bratislave,Senec,900 46
Mostová,Galanta,925 85
Moškovec,Turčianske Teplice,038 42
Mošovce,Turčianske Teplice,038 21
Moštenica,Banská Bystrica,976 02
Mošurov,Prešov,082 05
Motešice,Trenčín,913 26
Motyčky,Banská Bystrica,976 61
Môlča,Banská Bystrica,974 01
Mrázovce,Stropkov,091 06
Mučín,Lučenec,985 31
Mudroňovo,Komárno,946 37
Mudrovce,Košice-okolie,044 31
Muľa,Veľký Krtíš,991 11
Muráň,Revúca,049 01
Muránska Dlhá Lúka,Revúca,049 01
Muránska Huta,Revúca,049 01
Muránska Lehota,Revúca,049 01
Muránska Zdychava,Revúca,049 01
Mútne,Námestovo,029 62
Mužla,Nové Zámky,943 52
Myjava,Myjava,907 01
Myslina,Humenné,066 01
Mýtna,Lučenec,985 52
Mýtne Ludany,Levice,935 55
Mýto pod Ďumbierom,Brezno,977 67
Nacina Ves,Michalovce,079 01
Nadlice,Partizánske,958 47
Naháč,Trnava,919 52
Nálepkovo,Gelnica,054 02
Námestovo,Námestovo,029 01
Nána,Nové Zámky,943 58
Nandraž,Revúca,049 14
Necpaly,Martin,038 02
Nedanovce,Partizánske,958 01
Nedašovce,Bánovce nad Bebravou,957 04
Neded,Šaľa,925 84
Nededza,Žilina,013 02
Nedožery-Brezany,Prievidza,971 01
Nechválova Polianka,Humenné,067 18
Nemce,Banská Bystrica,974 01
Nemcovce,Bardejov,086 01
Nemcovce,Prešov,082 03
Nemčice,Topoľčany,956 12
Nemčiňany,Zlaté Moravce,951 93
Nemecká,Brezno,976 97
Nemečky,Topoľčany,956 17
Nemešany,Levoča,054 06
Nemšová,Trenčín,914 41
Nenince,Veľký Krtíš,991 27
Neporadza,Trenčín,914 41
Neporadza,Rimavská Sobota,980 01
Nesvady,Komárno,945 04
Nesluša,Kysucké Nové Mesto,023 01
Neverice,Zlaté Moravce,951 76
Nevidzany,Prievidza,972 11
Nevidzany,Zlaté Moravce,951 93
Nevoľné,Žiar nad Hronom,966 21
Nezbudská Lúčka,Žilina,013 24
Nimnica,Púchov,020 64
Nitra,Nitra,949 01
Nitra nad Ipľom,Lučenec,985 32
Nitrianska Blatnica,Topoľčany,956 03
Nitrianska Streda,Topoľčany,956 16
Nitrianske Hrnčiarovce,Nitra,951 01
Nitrianske Pravno,Prievidza,972 17
Nitrianske Rudno,Prievidza,972 13
Nitrianske Sučany,Prievidza,972 35
Nitrica,Prievidza,972 13
Nižná,Piešťany,922 03
Nižná,Tvrdošín,027 44
Nižná Boca,Liptovský Mikuláš,032 35
Nižná Hutka,Košice-okolie,044 25
Nižná Jablonka,Humenné,067 61
Nižná Jedľová,Svidník,090 17
Nižná Kamenica,Košice-okolie,044 31
Nižná Myšľa,Košice-okolie,044 22
Nižná Olšava,Stropkov,091 01
Nižná Pisaná,Svidník,090 56
Nižná Polianka,Bardejov,086 31
Nižná Rybnica,Sobrance,073 61
Nižná Sitnica,Humenné,067 12
Nižná Slaná,Rožňava,048 01
Nižná Voľa,Bardejov,086 33
Nižné Ladičkovce,Humenné,067 26
Nižné Nemecké,Sobrance,073 01
Nižné Repaše,Levoča,054 01
Nižné Ružbachy,Stará Ľubovňa,065 03
Nižný Čaj,Košice-okolie,044 16
Nižný Hrabovec,Vranov nad Topľou,093 05
Nižný Hrušov,Vranov nad Topľou,093 04
Nižný Klátov,Košice-okolie,044 42
Nižný Komárnik,Svidník,090 15
Nižný Kručov,Vranov nad Topľou,093 05
Nižný Lánec,Košice-okolie,044 83
Nižný Mirošov,Svidník,090 16
Nižný Orlík,Svidník,090 02
Nižný Skálnik,Rimavská Sobota,980 01
Nižný Slavkov,Sabinov,082 71
Nižný Tvarožec,Bardejov,086 06
Nižný Žipov,Trebišov,076 51
Nolčovo,Martin,038 02
Norovce,Topoľčany,956 15
Nová Baňa,Žarnovica,966 01
Nová Bašta,Rimavská Sobota,980 01
Nová Bošáca,Nové Mesto nad Váhom,916 26
Nová Bystrica,Čadca,023 05
Nová Dedina,Levice,935 26
Nová Dedinka,Senec,900 25
Nová Dubnica,Ilava,018 54
Nová Kelča,Vranov nad Topľou,094 02
Nová Lehota,Nové Mesto nad Váhom,916 24
Nová Lesná,Poprad,059 86
Nová Ľubovňa,Stará Ľubovňa,065 03
Nová Polhora,Košice-okolie,044 31
Nová Polianka,Svidník,090 57
Nová Sedlica,Snina,067 67
Nová Ves,Veľký Krtíš,991 03
Nová Ves nad Váhom,Nové Mesto nad Váhom,916 32
Nová Ves nad Žitavou,Nitra,951 51
Nová Vieska,Nové Zámky,943 43
Nováčany,Košice-okolie,044 24
Nováky,Prievidza,972 71
Nové Hony,Lučenec,985 13
Nové Mesto nad Váhom,Nové Mesto nad Váhom,915 01
Nové Sady,Nitra,951 25
Nové Zámky,Nové Zámky,940 01
Novosad,Trebišov,076 81
Novoť,Námestovo,029 56
Nový Ruskov,Trebišov,076 14
Nový Salaš,Košice-okolie,044 17
Nový Svet,Senec,903 01
Nový Tekov,Levice,935 33
Nový Život,Dunajská Streda,930 01
Nýrovce,Levice,935 77
Ňagov,Medzilaborce,067 26
Ňárad,Dunajská Streda,930 06
Obeckov,Veľký Krtíš,991 03
Obid,Nové Zámky,941 38
Obišovce,Košice-okolie,044 45
Oborín,Michalovce,072 43
Obručné,Stará Ľubovňa,065 44
Obyce,Zlaté Moravce,951 74
Očkov,Nové Mesto nad Váhom,916 24
Očová,Zvolen,962 23
Odorín,Spišská Nová Ves,052 01
Ohrady,Dunajská Streda,930 31
Ohradzany,Humenné,067 16
Ochodnica,Kysucké Nové Mesto,023 01
Ochtiná,Rožňava,049 15
Okoč,Dunajská Streda,930 01
Okoličná na Ostrove,Komárno,946 15
Okrúhle,Svidník,090 11
Okružná,Prešov,082 46
Olcnava,Spišská Nová Ves,052 01
Olejníkov,Sabinov,082 72
Olešná,Čadca,023 57
Olováry,Veľký Krtíš,991 06
Olšovany,Košice-okolie,044 12
Oľdza,Dunajská Streda,930 43
Oľka,Medzilaborce,067 01
Oľšavce,Bardejov,086 02
Oľšavica,Levoča,054 01
Oľšavka,Stropkov,091 01
Oľšavka,Spišská Nová Ves,053 02
Oľšinkov,Medzilaborce,067 01
Oľšov,Sabinov,082 75
Omastiná,Bánovce nad Bebravou,957 04
Omšenie,Trenčín,914 43
Ondavka,Bardejov,086 01
Ondavské Matiašovce,Vranov nad Topľou,093 02
Ondrašovce,Prešov,082 02
Ondrašová,Turčianske Teplice,038 42
Ondrejovce,Levice,935 73
Opátka,Košice-okolie,044 02
Opatovce,Trenčín,913 21
Opatovce nad Nitrou,Prievidza,972 01
Opatovská Nová Ves,Veľký Krtíš,991 07
Opava,Veľký Krtíš,991 01
Opiná,Košice-okolie,044 02
Opoj,Trnava,919 32
Oponice,Topoľčany,956 17
Oravce,Banská Bystrica,976 03
Orávka,Rimavská Sobota,980 01
Oravská Jasenica,Námestovo,029 64
Oravská Lesná,Námestovo,029 61
Oravská Polhora,Námestovo,029 57
Oravská Poruba,Dolný Kubín,027 53
Oravský Biely Potok,Tvrdošín,027 42
Oravský Podzámok,Dolný Kubín,026 01
Ordzovany,Levoča,054 01
Orechová,Sobrance,073 61
Orechová Potôň,Dunajská Streda,930 07
Oravské Veselé,Námestovo,029 65
Oreské,Skalica,908 43
Oreské,Michalovce,071 01
Orešany,Topoľčany,956 16
Orlov,Stará Ľubovňa,065 31
Orovnica,Žarnovica,966 52
Ortuťová,Bardejov,086 03
Osádka,Dolný Kubín,027 55
Osadné,Snina,067 69
Osikov,Bardejov,086 21
Oslany,Prievidza,972 41
Osrblie,Brezno,976 97
Ostrá Lúka,Zvolen,962 25
Ostratice,Partizánske,958 55
Ostrov,Piešťany,922 01
Ostrov,Sobrance,072 55
Ostrovany,Sabinov,082 71
Ostrý Grúň,Žarnovica,966 77
Osturňa,Kežmarok,059 05
Osuské,Senica,908 49
Oščadnica,Čadca,023 01
Otrhánky,Bánovce nad Bebravou,957 04
Otročok,Revúca,049 16
Ovčiarsko,Žilina,013 62
Ovčie,Prešov,082 05
Ozdín,Poltár,985 01
Ožďany,Rimavská Sobota,980 01
Pača,Rožňava,049 11
Padáň,Dunajská Streda,930 01
Padarovce,Rimavská Sobota,980 01
Pakostov,Humenné,066 01
Palárikovo,Nové Zámky,941 12
Palín,Michalovce,072 01
Palota,Medzilaborce,067 01
Panické Dravce,Lučenec,984 01
Paňa,Nitra,951 44
Paňovce,Košice-okolie,044 83
Papín,Humenné,067 01
Papradno,Považská Bystrica,017 04
Parchovany,Trebišov,076 61
Parihuzovce,Snina,067 78
Párnica,Dolný Kubín,026 01
Partizánska Ľupča,Liptovský Mikuláš,032 15
Partizánske,Partizánske,958 01
Pastovce,Levice,935 77
Pastuchov,Hlohovec,920 42
Pašková,Rožňava,049 22
Paština Závada,Žilina,013 57
Pata,Galanta,925 53
Pataš,Dunajská Streda,930 05
Patince,Komárno,946 39
Pavčina Lehota,Liptovský Mikuláš,032 51
Pavlice,Trnava,919 09
Pavlová,Nové Zámky,941 39
Pavlova Ves,Liptovský Mikuláš,032 12
Pavlovce,Rimavská Sobota,980 52
Pavlovce,Vranov nad Topľou,093 03
Pavlovce nad Uhom,Michalovce,072 59
Pavľany,Levoča,054 01
Pažiť,Partizánske,958 55
Pčoliné,Snina,067 82
Pečenice,Levice,935 78
Pečeňady,Piešťany,920 42
Pečeňany,Bánovce nad Bebravou,957 03
Pečovská Nová Ves,Sabinov,082 71
Peder,Košice-okolie,044 76
Perín-Chym,Košice-okolie,044 77
Pernek,Malacky,900 53
Petkovce,Vranov nad Topľou,093 05
Petrikovce,Michalovce,072 53
Petrová,Bardejov,086 06
Petrova Lehota,Trenčín,913 26
Petrova Ves,Skalica,908 49
Petrovany,Prešov,082 53
Petrovce,Rimavská Sobota,980 01
Petrovce,Vranov nad Topľou,093 05
Petrovce,Sobrance,072 60
Petrovce nad Laborcom,Michalovce,072 08
Petrovice,Bytča,014 01
Petrovo,Rožňava,049 23
Pezinok,Pezinok,902 01
Piešťany,Piešťany,921 01
Pichne,Snina,067 76
Píla,Pezinok,900 21
Píla,Lučenec,985 56
Píla,Žarnovica,966 81
Pinciná,Lučenec,985 51
Pinkovce,Sobrance,073 62
Piskorovce,Vranov nad Topľou,094 35
Pitelová,Žiar nad Hronom,966 11
Plášťovce,Levice,935 82
Plavé Vozokany,Levice,935 54
Plavecké Podhradie,Malacky,900 53
Plavecký Mikuláš,Malacky,906 35
Plavecký Peter,Senica,906 36
Plavecký Štvrtok,Malacky,900 54
Plaveč,Stará Ľubovňa,065 61
Plavnica,Stará Ľubovňa,065 62
Plechotice,Trebišov,076 12
Pleš,Lučenec,985 33
Plešivec,Rožňava,049 11
Plevník-Drienové,Považská Bystrica,017 05
Pliešovce,Zvolen,962 12
Ploské,Revúca,049 18
Ploské,Košice-okolie,044 23
Pobedim,Nové Mesto nad Váhom,916 22
Počarová,Považská Bystrica,017 01
Počúvadlo,Banská Štiavnica,969 01
Podbiel,Tvrdošín,027 42
Podbranč,Senica,906 06
Podbrezová,Brezno,976 11
Podhájska,Nové Zámky,941 48
Podhorany,Nitra,951 45
Podhorany,Kežmarok,059 93
Podhorany,Prešov,082 71
Podhorie,Žilina,013 18
Podhorie,Banská Štiavnica,969 01
Podhoroď,Sobrance,073 65
Podhradie,Prievidza,972 13
Podhradie,Topoľčany,956 37
Podhradie,Martin,038 04
Podhradík,Prešov,082 41
Podkonice,Banská Bystrica,976 13
Podkriváň,Detva,962 04
Podkylava,Myjava,907 53
Podlužany,Bánovce nad Bebravou,957 01
Podlužany,Levice,935 52
Podolie,Nové Mesto nad Váhom,916 26
Podolínec,Stará Ľubovňa,065 05
Podrečany,Lučenec,985 52
Podskalie,Považská Bystrica,017 04
Podtureň,Liptovský Mikuláš,032 15
Podvysoká,Čadca,023 57
Podzámčok,Zvolen,962 21
Pohorelá,Brezno,976 69
Pohranice,Nitra,951 01
Pohronská Polhora,Brezno,976 53
Pohronský Bukovec,Banská Bystrica,976 51
Pohronský Ruskov,Levice,935 76
Pochabany,Bánovce nad Bebravou,957 03
Pokryváč,Dolný Kubín,026 31
Poliakovce,Bardejov,086 04
Polianka,Myjava,907 43
Polichno,Lučenec,985 57
Polina,Revúca,049 18
Poloma,Sabinov,082 71
Polomka,Brezno,977 67
Poltár,Poltár,985 01
Poluvsie,Prievidza,972 42
Poľanovce,Levoča,054 01
Poľany,Trebišov,076 14
Poľný Kesov,Nitra,951 56
Pongrácovce,Levoča,054 01
Poniky,Banská Bystrica,976 07
Poprad,Poprad,058 01
Poproč,Rimavská Sobota,980 01
Poproč,Košice-okolie,044 67
Popudinské Močidľany,Skalica,908 41
Poráč,Spišská Nová Ves,053 22
Poriadie,Myjava,906 14
Porostov,Sobrance,072 43
Poruba,Prievidza,972 01
Poruba pod Vihorlatom,Michalovce,072 43
Porúbka,Žilina,013 13
Porúbka,Bardejov,086 45
Porúbka,Humenné,067 25
Porúbka,Sobrance,073 01
Poša,Vranov nad Topľou,093 03
Potok,Ružomberok,034 71
Potok,Rimavská Sobota,980 01
Potoky,Stropkov,091 05
Potôčky,Stropkov,091 05
Potônske Lúky,Dunajská Streda,930 15
Potvorice,Nové Mesto nad Váhom,916 18
Považany,Nové Mesto nad Váhom,916 15
Považská Bystrica,Považská Bystrica,017 01
Povina,Kysucké Nové Mesto,023 08
Povoda,Dunajská Streda,930 05
Povrazník,Banská Bystrica,976 02
Pozba,Nové Zámky,941 07
Pozdišovce,Michalovce,072 62
Pôtor,Veľký Krtíš,991 08
Praha,Lučenec,985 35
Prakovce,Gelnica,055 62
Prašice,Topoľčany,956 06
Prašník,Piešťany,922 11
Pravenec,Prievidza,972 16
Pravica,Veľký Krtíš,991 07
Pravotice,Bánovce nad Bebravou,957 05
Práznovce,Topoľčany,956 27
Prečín,Považská Bystrica,017 05
Predajná,Brezno,976 63
Predmier,Bytča,014 04
Prenčov,Banská Štiavnica,969 01
Preseľany,Topoľčany,956 16
Prestavlky,Žiar nad Hronom,966 03
Prešov,Prešov,080 01
Príbelce,Veľký Krtíš,991 04
Pribeník,Trebišov,076 51
Pribeta,Komárno,946 52
Pribiš,Dolný Kubín,027 56
Príbovce,Martin,038 06
Pribylina,Liptovský Mikuláš,032 42
Priechod,Banská Bystrica,976 11
Priekopa,Sobrance,073 64
Priepasné,Myjava,906 18
Prietrž,Senica,908 71
Prietržka,Skalica,908 78
Prievaly,Senica,908 75
Prievidza,Prievidza,971 01
Prihradzany,Revúca,049 18
Príkra,Svidník,090 54
Príslop,Snina,067 68
Prituľany,Humenné,067 11
Proč,Prešov,082 04
Prochot,Žiar nad Hronom,966 52
Prosačov,Vranov nad Topľou,094 34
Prosiek,Liptovský Mikuláš,027 52
Prša,Lučenec,985 36
Pruské,Ilava,018 63
Prusy,Bánovce nad Bebravou,957 03
Pružina,Považská Bystrica,017 03
Pstriná,Svidník,090 01
Ptičie,Humenné,067 11
Ptrukša,Michalovce,072 42
Pucov,Dolný Kubín,026 01
Púchov,Púchov,020 01
Pukanec,Levice,935 85
Pusté Čemerné,Michalovce,072 43
Pusté Pole,Stará Ľubovňa,065 45
Pusté Sady,Galanta,925 51
Pusté Úľany,Galanta,925 23
Pušovce,Prešov,082 07
Rabča,Námestovo,029 71
Rabčice,Námestovo,029 72
Rad,Trebišov,076 62
Radatice,Prešov,082 02
Radava,Nové Zámky,941 35
Radimov,Skalica,908 45
Radnovce,Rimavská Sobota,980 01
Radobica,Prievidza,972 46
Radoľa,Kysucké Nové Mesto,023 02
Radoma,Svidník,090 08
Radošina,Topoľčany,956 05
Radošovce,Skalica,908 45
Radošovce,Trnava,919 52
Radôstka,Čadca,023 05
Radvanovce,Vranov nad Topľou,093 05
Radvaň nad Dunajom,Komárno,946 34
Radvaň nad Laborcom,Medzilaborce,067 01
Radzovce,Lučenec,985 58
Rafajovce,Vranov nad Topľou,093 03
Rajčany,Topoľčany,956 18
Rajec,Žilina,013 13
Rajecká Lesná,Žilina,013 15
Rajecké Teplice,Žilina,013 13
Rákoš,Revúca,049 16
Rákoš,Košice-okolie,044 02
Raková,Čadca,023 12
Rakovčík,Svidník,090 19
Rakovec nad Ondavou,Michalovce,071 01
Rakovice,Piešťany,922 05
Rakovnica,Rožňava,049 24
Rakovo,Martin,038 02
Rakša,Turčianske Teplice,038 42
Rakúsy,Kežmarok,059 57
Rakytník,Rimavská Sobota,980 01
Rankovce,Košice-okolie,044 31
Rapovce,Lučenec,984 01
Raslavice,Bardejov,086 41
Rastislavice,Nové Zámky,941 07
Rašice,Revúca,049 18
Ratka,Lučenec,985 52
Ratková,Revúca,049 16
Ratkovce,Hlohovec,920 32
Ratkovo,Martin,038 02
Ratkovská Lehota,Rimavská Sobota,982 67
Ratkovská Suchá,Rimavská Sobota,980 01
Ratkovské Bystré,Revúca,049 01
Ratnovce,Piešťany,922 11
Ratvaj,Sabinov,082 71
Ráztočno,Prievidza,972 15
Ráztoka,Brezno,976 55
Ražňany,Sabinov,082 71
Reca,Senec,903 01
Regetovka,Bardejov,086 03
Rejdová,Rožňava,048 01
Reľov,Kežmarok,059 53
Remeniny,Vranov nad Topľou,093 05
Remetské Hámre,Sobrance,073 61
Renčišov,Sabinov,082 51
Repejov,Medzilaborce,067 01
Repište,Žiar nad Hronom,966 31
Rešica,Košice-okolie,044 02
Rešov,Bardejov,086 04
Revúca,Revúca,049 16
Revúcka Lehota,Revúca,049 16
Riečka,Banská Bystrica,974 01
Riečka,Rimavská Sobota,980 01
Richnava,Gelnica,055 62
Richvald,Bardejov,086 05
Rimavská Baňa,Rimavská Sobota,980 01
Rimavská Seč,Rimavská Sobota,980 42
Rimavská Sobota,Rimavská Sobota,979 01
Rimavské Brezovo,Rimavská Sobota,980 01
Rimavské Janovce,Rimavská Sobota,980 01
Rimavské Zalužany,Rimavská Sobota,980 01
Rišňovce,Nitra,951 26
Rohov,Senica,905 01
Rohovce,Dunajská Streda,930 30
Rohožník,Malacky,906 38
Rohožník,Humenné,067 16
Rochovce,Rožňava,049 11
Rokycany,Prešov,082 43
Rokytov,Bardejov,086 01
Rokytov pri Humennom,Humenné,066 01
Rokytovce,Medzilaborce,067 01
Rosina,Žilina,013 04
Roškovce,Medzilaborce,067 01
Roštár,Rožňava,049 11
Rovensko,Senica,905 01
Rovinka,Senec,900 41
Rovné,Rimavská Sobota,980 01
Rovné,Humenné,067 23
Rovné,Svidník,090 02
Rovňany,Poltár,985 01
Rozhanovce,Košice-okolie,044 42
Rozložná,Rožňava,049 34
Roztoky,Svidník,090 19
Rožkovany,Sabinov,082 71
Rožňava,Rožňava,048 01
Rožňavské Bystré,Rožňava,048 01
Rúbaň,Nové Zámky,943 53
Rudina,Kysucké Nové Mesto,023 03
Rudinka,Kysucké Nové Mesto,023 03
Rudinská,Kysucké Nové Mesto,023 03
Rudlov,Vranov nad Topľou,093 05
Rudná,Rožňava,049 34
Rudnianska Lehota,Prievidza,972 13
Rudník,Myjava,906 09
Rudník,Košice-okolie,044 77
Rudno,Turčianske Teplice,038 22
Rudno nad Hronom,Žarnovica,966 52
Rudňany,Spišská Nová Ves,053 23
Rumanová,Nitra,951 15
Rumince,Rimavská Sobota,980 01
Runina,Snina,067 69
Ruská,Michalovce,072 52
Ruská Bystrá,Sobrance,073 01
Ruská Kajňa,Humenné,067 13
Ruská Nová Ves,Prešov,080 05
Ruská Poruba,Humenné,066 01
Ruská Volová,Snina,067 71
Ruská Voľa,Vranov nad Topľou,093 01
Ruská Voľa nad Popradom,Stará Ľubovňa,065 47
Ruskov,Košice-okolie,044 14
Ruskovce,Bánovce nad Bebravou,956 56
Ruskovce,Sobrance,072 41
Ruský Hrabovec,Sobrance,072 44
Ruský Potok,Snina,067 73
Ružiná,Lučenec,985 56
Ružindol,Trnava,919 61
Ružomberok,Ružomberok,034 01
Rybany,Bánovce nad Bebravou,956 53
Rybky,Senica,908 49
Rybník,Levice,935 25
Rybník,Revúca,049 18
Rykynčice,Krupina,962 51
Sabinov,Sabinov,083 01
Sačurov,Vranov nad Topľou,093 02
Sedlice,Prešov,082 41
Sádočné,Považská Bystrica,017 01
Sady nad Torysou,Košice-okolie,044 41
Salka,Nové Zámky,943 61
Santovka,Levice,935 35
Sap,Dunajská Streda,930 02
Sása,Revúca,049 11
Sása,Zvolen,962 61
Sasinkovo,Hlohovec,920 52
Sazdice,Levice,935 38
Sebedín-Bečov,Banská Bystrica,976 11
Sebedražie,Prievidza,972 18
Sebechleby,Krupina,962 46
Seč,Prievidza,972 18
Sečianky,Veľký Krtíš,991 07
Sečovce,Trebišov,079 01
Sečovská Polianka,Vranov nad Topľou,093 04
Sedliacka Dubová,Dolný Kubín,026 01
Sedliská,Vranov nad Topľou,093 05
Sedmerovec,Ilava,018 58
Sejkov,Sobrance,072 44
Sekule,Senica,908 45
Selce,Banská Bystrica,976 11
Selce,Krupina,962 47
Selce,Poltár,985 05
Selec,Trenčín,913 24
Selice,Šaľa,925 84
Seľany,Veľký Krtíš,991 05
Semerovo,Nové Zámky,941 44
Senec,Senec,903 01
Seniakovce,Prešov,082 02
Senica,Senica,905 01
Senné,Veľký Krtíš,991 03
Senné,Michalovce,079 01
Senohrad,Krupina,962 54
Seňa,Košice-okolie,044 81
Sereď,Galanta,926 01
Sielnica,Zvolen,962 11
Sihelné,Námestovo,029 67
Sihla,Brezno,976 53
Sikenica,Levice,935 73
Sikenička,Nové Zámky,941 45
Siladice,Hlohovec,920 32
Silica,Rožňava,049 11
Silická Brezová,Rožňava,049 11
Silická Jablonica,Rožňava,049 11
Sirk,Revúca,049 64
Sirník,Trebišov,076 13
Skačany,Partizánske,958 56
Skalica,Skalica,909 01
Skalité,Čadca,023 14
Skalka nad Váhom,Trenčín,913 01
Skároš,Košice-okolie,044 11
Skerešovo,Revúca,049 18
Sklabiná,Veľký Krtíš,991 05
Sklabinský Podzámok,Martin,038 02
Sklabiňa,Martin,038 02
Sklené,Turčianske Teplice,038 22
Sklené Teplice,Žiar nad Hronom,966 03
Skrabské,Vranov nad Topľou,093 05
Skýcov,Zlaté Moravce,953 05
Sládkovičovo,Galanta,925 21
Slančík,Košice-okolie,044 13
Slanec,Košice-okolie,044 54
Slanská Huta,Košice-okolie,044 56
Slanské Nové Mesto,Košice-okolie,044 17
Slaská,Žiar nad Hronom,966 24
Slatina,Levice,935 81
Slatina nad Bebravou,Bánovce nad Bebravou,957 06
Slatinka nad Bebravou,Bánovce nad Bebravou,957 01
Slatinské Lazy,Detva,962 05
Slatvina,Spišská Nová Ves,053 61
Slavec,Rožňava,049 11
Slavkovce,Michalovce,072 66
Slavnica,Ilava,018 56
Slavoška,Rožňava,049 25
Slavošovce,Rožňava,049 31
Slepčany,Zlaté Moravce,951 82
Sliač,Zvolen,962 31
Sliepkovce,Michalovce,072 15
Slizké,Rimavská Sobota,980 01
Slivník,Trebišov,076 15
Slopná,Považská Bystrica,017 01
Slovany,Martin,038 14
Slovenská Kajňa,Vranov nad Topľou,093 05
Slovenská Ľupča,Banská Bystrica,976 13
Slovenská Nová Ves,Trnava,919 43
Slovenská Ves,Kežmarok,059 73
Slovenská Volová,Humenné,066 01
Slovenské Ďarmoty,Veľký Krtíš,991 05
Slovenské Kľačany,Veľký Krtíš,991 07
Slovenské Krivé,Humenné,066 01
Slovenské Nové Mesto,Trebišov,076 81
Slovenské Pravno,Turčianske Teplice,038 22
Slovenský Grob,Pezinok,900 26
Slovinky,Spišská Nová Ves,053 33
Sľažany,Zlaté Moravce,951 78
Smilno,Bardejov,086 35
Smižany,Spišská Nová Ves,052 01
Smolenice,Trnava,919 04
Smolinské,Senica,908 41
Smolnícka Huta,Gelnica,055 65
Smolník,Gelnica,055 66
Smrdáky,Senica,906 03
Smrečany,Liptovský Mikuláš,032 11
Snakov,Bardejov,086 21
Snežnica,Kysucké Nové Mesto,023 05
Snina,Snina,069 01
Socovce,Martin,038 03
Soblahov,Trenčín,913 11
Soboš,Svidník,090 51
Sobotište,Senica,906 05
Sobrance,Sobrance,073 01
Sokolce,Komárno,946 19
Sokolovce,Piešťany,922 05
Sokoľ,Košice-okolie,044 24
Sokoľany,Košice-okolie,044 31
Solčany,Topoľčany,956 07
Solčianky,Topoľčany,956 08
Sološnica,Malacky,906 37
Soľ,Vranov nad Topľou,093 01
Soľnička,Trebišov,076 14
Soľník,Stropkov,091 01
Somotor,Trebišov,076 71
Sopkovce,Humenné,066 01
Spišská Belá,Kežmarok,059 01
Spišská Nová Ves,Spišská Nová Ves,052 01
Spišská Stará Ves,Kežmarok,059 08
Spišská Teplica,Poprad,059 01
Spišské Bystré,Poprad,059 77
Spišské Hanušovce,Kežmarok,059 04
Spišské Podhradie,Levoča,054 01
Spišské Tomášovce,Spišská Nová Ves,052 01
Spišské Vlachy,Spišská Nová Ves,053 61
Spišský Hrhov,Levoča,054 01
Spišský Hrušov,Spišská Nová Ves,053 02
Spišský Štiavnik,Poprad,059 53
Spišský Štvrtok,Levoča,054 01
Stakčín,Snina,067 91
Stakčínska Roztoka,Snina,067 91
Stanča,Trebišov,076 13
Stankovany,Ružomberok,034 61
Stankovce,Trebišov,076 13
Stará Bašta,Rimavská Sobota,980 01
Stará Bystrica,Čadca,023 01
Stará Halič,Lučenec,985 11
Stará Huta,Detva,962 13
Stará Kremnička,Žiar nad Hronom,966 53
Stará Lehota,Nové Mesto nad Váhom,916 33
Stará Lesná,Kežmarok,059 52
Stará Ľubovňa,Stará Ľubovňa,064 01
Stará Myjava,Myjava,907 01
Stará Turá,Nové Mesto nad Váhom,916 10
Stará Voda,Gelnica,055 62
Staré,Michalovce,071 01
Staré Hory,Banská Bystrica,976 02
Starina,Stará Ľubovňa,065 39
Starý Hrádok,Levice,935 35
Starý Tekov,Levice,935 34
Staškov,Čadca,023 02
Staškovce,Stropkov,091 01
Stebnícka Huta,Bardejov,086 06
Stebník,Bardejov,086 06
Stožok,Detva,962 13
Stráne pod Tatrami,Kežmarok,059 76
Stránska,Rimavská Sobota,980 01
Stránske,Žilina,013 22
Stráňany,Stará Ľubovňa,065 05
Stráňavy,Žilina,013 24
Stratená,Rožňava,049 71
Stráža,Žilina,013 05
Strážne,Trebišov,076 81
Strážske,Michalovce,071 01
Strečno,Žilina,013 24
Streda nad Bodrogom,Trebišov,076 84
Stredné Plachtince,Veľký Krtíš,991 07
Strekov,Nové Zámky,941 37
Strelníky,Banská Bystrica,976 02
Stretava,Michalovce,072 45
Stretavka,Michalovce,072 46
Streženice,Púchov,020 61
Strihovce,Snina,067 74
Stročín,Svidník,090 19
Stropkov,Stropkov,091 01
Studená,Rimavská Sobota,980 01
Studenec,Levoča,054 01
Studienka,Malacky,906 39
Stuľany,Bardejov,086 03
Stupava,Malacky,900 67
Stupné,Považská Bystrica,017 01
Sučany,Martin,038 54
Sudince,Krupina,962 51
Súdovce,Krupina,962 62
Suchá Dolina,Prešov,082 02
Suchá Hora,Tvrdošín,027 13
Suchá nad Parnou,Trnava,919 01
Sucháň,Veľký Krtíš,991 03
Suché,Michalovce,072 42
Suché Brezovo,Veľký Krtíš,991 05
Suchohrad,Malacky,900 71
Sukov,Medzilaborce,067 01
Sulín,Stará Ľubovňa,065 58
Súlovce,Topoľčany,956 42
Súľov-Hradná,Bytča,013 52
Sušany,Poltár,985 24
Sútor,Rimavská Sobota,980 01
Svätá Mária,Trebišov,076 81
Svätoplukovo,Nitra,951 14
Svätuš,Sobrance,072 55
Svätuše,Trebišov,076 81
Svätý Anton,Banská Štiavnica,969 01
Svätý Jur,Pezinok,900 21
Svätý Kríž,Liptovský Mikuláš,032 15
Svätý Peter,Komárno,946 57
Svederník,Žilina,013 32
Sverepec,Považská Bystrica,017 01
Sveržov,Bardejov,086 02
Svetlice,Medzilaborce,067 21
Svidnička,Svidník,090 05
Svidník,Svidník,089 01
Svinia,Prešov,082 52
Svinica,Košice-okolie,044 15
Svinice,Trebišov,076 14
Svinná,Trenčín,913 26
Svit,Poprad,059 21
Svodín,Nové Zámky,943 52
Svrbice,Topoľčany,956 34
Svrčinovec,Čadca,023 15
Šahy,Levice,936 01
Šajdíkove Humence,Senica,908 49
Šalgovce,Topoľčany,956 06
Šalgočka,Galanta,925 28
Šalov,Levice,935 76
Šaľa,Šaľa,927 01
Šambron,Stará Ľubovňa,065 31
Šamorín,Dunajská Streda,931 01
Šamudovce,Michalovce,072 59
Šandal,Stropkov,091 05
Šarbov,Svidník,089 01
Šarišská Poruba,Prešov,082 71
Šarišská Trstená,Prešov,082 71
Šarišské Bohdanovce,Prešov,082 04
Šarišské Čierne,Bardejov,086 05
Šarišské Dravce,Sabinov,082 66
Šarišské Jastrabie,Stará Ľubovňa,065 33
Šarišské Michaľany,Sabinov,082 22
Šarišské Sokolovce,Sabinov,082 71
Šarišský Štiavnik,Svidník,090 02
Šarkan,Nové Zámky,943 42
Šarovce,Levice,935 77
Šašová,Bardejov,086 37
Šaštín-Stráže,Senica,908 41
Šávoľ,Lučenec,985 42
Šelpice,Trnava,919 05
Šemetkovce,Svidník,090 55
Šemša,Košice-okolie,044 21
Šenkvice,Pezinok,900 21
Šiatorská Bukovinka,Lučenec,984 01
Šiba,Bardejov,086 03
Šíd,Lučenec,985 41
Šimonovce,Rimavská Sobota,980 42
Šindliar,Prešov,082 01
Šintava,Galanta,925 51
Šípkov,Bánovce nad Bebravou,957 01
Šípkové,Piešťany,922 03
Širákov,Veľký Krtíš,991 07
Širkovce,Rimavská Sobota,980 41
Široké,Prešov,082 07
Šišov,Bánovce nad Bebravou,956 55
Šivetice,Revúca,049 18
Šmigovec,Snina,067 78
Šoltýska,Poltár,985 41
Šoporňa,Galanta,925 52
Špačince,Trnava,919 51
Špania Dolina,Banská Bystrica,974 01
Španie Pole,Rimavská Sobota,980 01
Šrobárová,Komárno,946 54
Štefanov,Senica,908 75
Štefanov nad Oravou,Tvrdošín,027 44
Štefanová,Pezinok,900 21
Štefanovce,Prešov,082 05
Štefanovce,Vranov nad Topľou,093 05
Štefanovičová,Nitra,951 22
Štefurov,Svidník,090 11
Šterusy,Piešťany,922 08
Štiavnické Bane,Banská Štiavnica,969 01
Štiavnička,Ružomberok,034 71
Štiavnik,Bytča,014 04
Štitáre,Nitra,951 52
Štítnik,Rožňava,049 25
Štós,Košice-okolie,044 81
Štôla,Poprad,059 52
Štrba,Poprad,059 38
Štrkovec,Rimavská Sobota,980 01
Štúrovo,Nové Zámky,943 01
Štvrtok,Trenčín,913 01
Štvrtok na Ostrove,Dunajská Streda,930 05
Šuja,Žilina,013 13
Šuľa,Veľký Krtíš,991 07
Šumiac,Brezno,977 65
Šuňava,Poprad,059 95
Šurany,Nové Zámky,942 01
Šurianky,Nitra,951 26
Šurice,Lučenec,980 01
Šúrovce,Trnava,919 25
Šútovo,Martin,038 02
Šútovce,Prievidza,972 18
Švábovce,Poprad,059 91
Švedlár,Gelnica,055 64
Švošov,Ružomberok,034 75
Tachty,Rimavská Sobota,980 01
Tajná,Nitra,951 76
Tajov,Banská Bystrica,975 96
Tarnov,Bardejov,086 21
Tatranská Javorina,Poprad,059 77
Tašuľa,Sobrance,073 63
Tehla,Levice,935 88
Tekolďany,Hlohovec,920 41
Tekovská Breznica,Žarnovica,966 71
Tekovské Lužany,Levice,935 53
Tekovské Nemce,Zlaté Moravce,951 72
Tekovský Hrádok,Levice,935 33
Telgárt,Brezno,976 72
Telince,Nitra,951 75
Temeš,Prievidza,972 17
Teplička,Spišská Nová Ves,052 01
Teplička nad Váhom,Žilina,013 01
Tepličky,Hlohovec,920 31
Teplý Vrch,Rimavská Sobota,980 23
Terany,Krupina,962 66
Terchová,Žilina,013 06
Teriakovce,Prešov,080 06
Terňa,Prešov,082 67
Tesáre,Topoľčany,956 02
Tesárske Mlyňany,Zlaté Moravce,951 52
Tešedíkovo,Šaľa,925 82
Tibava,Sobrance,073 61
Tichý Potok,Sabinov,082 71
Timoradza,Bánovce nad Bebravou,957 01
Tisinec,Stropkov,091 04
Tisovec,Rimavská Sobota,980 61
Tlmače,Levice,935 21
Točnica,Lučenec,985 53
Tokajík,Stropkov,091 08
Tomášikovo,Galanta,925 32
Tomášov,Senec,900 25
Tomášovce,Lučenec,985 53
Tomášovce,Rimavská Sobota,980 01
Topoľa,Snina,067 69
Topoľčany,Topoľčany,955 01
Topoľčianky,Zlaté Moravce,951 93
Topoľnica,Galanta,925 73
Topoľníky,Dunajská Streda,930 31
Topoľovka,Humenné,067 21
Toporec,Kežmarok,059 96
Tornaľa,Revúca,982 61
Torysa,Sabinov,082 71
Torysky,Levoča,054 01
Tovarné,Vranov nad Topľou,093 07
Tovarnianska Polianka,Vranov nad Topľou,094 24
Tovarníky,Topoľčany,955 01
Tôň,Komárno,946 03
Trakovice,Hlohovec,920 51
Trávnica,Nové Zámky,941 47
Trávnik,Komárno,946 28
Trebatice,Piešťany,922 31
Trebejov,Košice-okolie,044 47
Trebeľovce,Lučenec,985 45
Trebichava,Bánovce nad Bebravou,957 01
Trebišov,Trebišov,075 01
Trebostovo,Martin,038 02
Trebušovce,Veľký Krtíš,991 05
Trenč,Lučenec,985 33
Trenčianska Teplá,Trenčín,914 01
Trenčianska Turná,Trenčín,913 21
Trenčianske Bohuslavice,Nové Mesto nad Váhom,913 07
Trenčianske Jastrabie,Trenčín,913 23
Trenčianske Mitice,Trenčín,913 22
Trenčianske Stankovce,Trenčín,913 11
Trenčianske Teplice,Trenčín,914 51
Trenčín,Trenčín,911 01
Trhová Hradská,Dunajská Streda,929 01
Trhovište,Michalovce,072 54
Trnava,Trnava,917 01
Trnavá Hora,Žiar nad Hronom,966 11
Trnava pri Laborci,Michalovce,072 01
Trnávka,Dunajská Streda,930 35
Trnávka,Trebišov,076 11
Trnkov,Prešov,082 08
Trnovec,Skalica,908 49
Trnovec nad Váhom,Šaľa,927 01
Trnovo,Martin,038 02
Tročany,Bardejov,086 01
Trpín,Krupina,962 54
Trstená,Tvrdošín,027 43
Trstená na Ostrove,Dunajská Streda,930 33
Trstené,Liptovský Mikuláš,032 24
Trstené pri Hornáde,Košice-okolie,044 24
Trstice,Galanta,925 85
Trstín,Trnava,919 05
Trsťany,Košice-okolie,044 42
Tŕnie,Zvolen,962 31
Tuhár,Lučenec,985 14
Tuhrina,Prešov,082 05
Tuchyňa,Ilava,018 55
Tulčík,Prešov,082 13
Tupá,Levice,935 72
Turá,Levice,935 73
Turany,Martin,038 52
Turany nad Ondavou,Stropkov,091 01
Turcovce,Humenné,066 01
Turček,Turčianske Teplice,038 48
Turčianky,Partizánske,958 56
Turčianska Štiavnička,Martin,038 02
Turčianske Jaseno,Martin,038 07
Turčianske Kľačany,Martin,038 02
Turčianske Teplice,Turčianske Teplice,039 01
Turčiansky Ďur,Martin,038 83
Turčiansky Peter,Martin,038 22
Turčok,Revúca,049 11
Turecká,Banská Bystrica,976 13
Tureň,Senec,900 27
Turie,Žilina,013 03
Turík,Ružomberok,034 71
Turnianska Nová Ves,Košice-okolie,044 02
Turňa nad Bodvou,Košice-okolie,044 02
Turová,Zvolen,962 31
Turzovka,Čadca,023 54
Tušice,Michalovce,079 01
Tušická Nová Ves,Michalovce,072 61
Tužina,Prievidza,972 13
Tvarožná,Kežmarok,059 53
Tvrdomestice,Topoľčany,956 22
Tvrdošín,Tvrdošín,027 44
Tvrdošovce,Nové Zámky,940 01
Ťapešovo,Námestovo,029 53
Ubľa,Snina,067 83
Úbrež,Sobrance,072 51
Udavské,Humenné,066 01
Udiča,Považská Bystrica,017 13
Údol,Stará Ľubovňa,065 51
Uhliská,Levice,935 48
Úhorná,Gelnica,054 01
Uhorská Ves,Liptovský Mikuláš,032 13
Uhorské,Poltár,985 06
Uhrovec,Bánovce nad Bebravou,957 01
Uhrovské Podhradie,Bánovce nad Bebravou,957 01
Ulič,Snina,067 69
Uličské Krivé,Snina,067 79
Uloža,Levoča,054 01
Úľany nad Žitavou,Nové Zámky,941 11
Unín,Skalica,908 75
Uňatín,Krupina,962 45
Urmince,Topoľčany,956 23
Utekáč,Poltár,985 64
Uzovce,Sabinov,082 55
Uzovská Panica,Rimavská Sobota,980 01
Uzovské Pekľany,Sabinov,082 71
Uzovský Šalgov,Sabinov,082 71
Vaďovce,Nové Mesto nad Váhom,916 03
Vagrinec,Svidník,089 01
Váhovce,Galanta,925 82
Vajkovce,Košice-okolie,044 36
Valaliky,Košice-okolie,044 11
Valaská,Brezno,976 52
Valaská Belá,Prievidza,972 28
Valaská Dubová,Ružomberok,034 74
Valaškovce (vojenský obvod),Humenné,066 01
Valča,Martin,038 04
Valentovce,Medzilaborce,067 01
Valice,Rimavská Sobota,980 01
Valkovce,Svidník,090 58
Vaľkovňa,Brezno,976 56
Vaniškovce,Bardejov,086 02
Vápeník,Svidník,090 01
Varadka,Bardejov,086 35
Varechovce,Stropkov,091 06
Varhaňovce,Prešov,082 41
Varín,Žilina,013 03
Vasiľov,Námestovo,029 58
Vavrečka,Námestovo,029 51
Vavrinec,Vranov nad Topľou,093 01
Vavrišovo,Liptovský Mikuláš,032 02
Važec,Liptovský Mikuláš,032 61
Včelince,Rimavská Sobota,980 41
Večelkov,Rimavská Sobota,980 01
Vechec,Vranov nad Topľou,094 12
Velčice,Zlaté Moravce,951 93
Veličná,Dolný Kubín,026 31
Velušovce,Topoľčany,956 17
Veľaty,Trebišov,078 01
Veľká Čalomija,Veľký Krtíš,991 09
Veľká Čausa,Prievidza,972 13
Veľká Čierna,Žilina,013 13
Veľká Dolina,Nitra,951 31
Veľká Franková,Kežmarok,059 06
Veľká Hradná,Trenčín,913 11
Veľká Ida,Košice-okolie,044 20
Veľká Lehota,Žarnovica,966 72
Veľká Lesná,Stará Ľubovňa,065 34
Veľká Lodina,Košice-okolie,044 36
Veľká Lomnica,Kežmarok,059 52
Veľká Lúka,Zvolen,962 31
Veľká Mača,Galanta,925 27
Veľká nad Ipľom,Lučenec,985 31
Veľká Paka,Dunajská Streda,900 44
Veľká Tŕňa,Trebišov,076 53
Veľká Ves,Poltár,985 01
Veľká Ves nad Ipľom,Veľký Krtíš,991 06
Veľké Bierovce,Trenčín,913 11
Veľké Blahovo,Dunajská Streda,930 16
Veľké Borové,Liptovský Mikuláš,027 45
Veľké Dravce,Lučenec,985 41
Veľké Držkovce,Bánovce nad Bebravou,956 55
Veľké Dvorany,Topoľčany,956 21
Veľké Dvorníky,Dunajská Streda,930 18
Veľké Hoste,Bánovce nad Bebravou,956 52
Veľké Chlievany,Bánovce nad Bebravou,956 52
Veľké Chyndice,Nitra,951 75
Veľké Kapušany,Michalovce,079 01
Veľké Kosihy,Komárno,946 37
Veľké Kostoľany,Piešťany,922 07
Veľké Kozmálovce,Levice,935 28
Veľké Kršteňany,Partizánske,958 05
Veľké Leváre,Malacky,900 66
Veľké Lovce,Nové Zámky,941 36
Veľké Ludince,Levice,935 56
Veľké Orvište,Piešťany,922 01
Veľké Ozorovce,Trebišov,076 63
Veľké Pole,Žarnovica,966 81
Veľké Raškovce,Michalovce,072 07
Veľké Revištia,Sobrance,072 55
Veľké Ripňany,Topoľčany,956 07
Veľké Rovné,Bytča,014 02
Veľké Slemence,Michalovce,072 59
Veľké Straciny,Veľký Krtíš,991 03
Veľké Teriakovce,Rimavská Sobota,980 01
Veľké Trakany,Trebišov,076 61
Veľké Turovce,Levice,935 79
Veľké Uherce,Partizánske,958 02
Veľké Úľany,Galanta,925 26
Veľké Vozokany,Zlaté Moravce,951 83
Veľké Zálužie,Nitra,951 46
Veľké Zlievce,Veľký Krtíš,991 08
Veľkrop,Stropkov,091 03
Veľký Biel,Senec,900 27
Veľký Blh,Rimavská Sobota,980 21
Veľký Cetín,Nitra,951 08
Veľký Čepčín,Turčianske Teplice,038 45
Veľký Ďur,Levice,935 59
Veľký Folkmar,Gelnica,055 63
Veľký Grob,Galanta,925 24
Veľký Horeš,Trebišov,076 83
Veľký Kamenec,Trebišov,076 52
Veľký Klíž,Partizánske,958 46
Veľký Krtíš,Veľký Krtíš,990 01
Veľký Kýr,Nové Zámky,941 33
Veľký Lapáš,Nitra,951 15
Veľký Lipník,Stará Ľubovňa,065 32
Veľký Lom,Veľký Krtíš,991 12
Veľký Meder,Dunajská Streda,930 01
Veľký Slavkov,Poprad,059 52
Veľký Slivník,Prešov,082 14
Veľký Šariš,Prešov,080 06
Veľopolie,Humenné,067 22
Vernár,Poprad,059 71
Veselé,Piešťany,922 08
Veterná Poruba,Liptovský Mikuláš,032 11
Vidiná,Lučenec,985 54
Vieska,Dunajská Streda,930 21
Vieska,Veľký Krtíš,991 01
Vieska nad Blhom,Rimavská Sobota,980 01
Vieska nad Žitavou,Zlaté Moravce,951 75
Vígľaš,Detva,962 12
Vígľašská Huta-Kalinka,Detva,962 12
Vikartovce,Poprad,059 42
Vinica,Veľký Krtíš,991 07
Viničky,Trebišov,076 35
Viničné,Pezinok,900 23
Vinné,Michalovce,072 01
Vinodol,Nitra,951 54
Vinohrady nad Váhom,Galanta,925 55
Vinosady,Pezinok,900 23
Virt,Komárno,946 21
Vislanka,Stará Ľubovňa,065 03
Vislava,Stropkov,091 01
Visolaje,Púchov,020 62
Višňov,Trebišov,076 65
Višňové,Nové Mesto nad Váhom,916 16
Višňové,Revúca,049 16
Višňové,Žilina,013 23
Vištuk,Pezinok,900 24
Vitanová,Tvrdošín,027 15
Vítkovce,Spišská Nová Ves,053 04
Víťaz,Prešov,082 02
Víťazovce,Humenné,067 21
Vlača,Vranov nad Topľou,093 03
Vladiča,Stropkov,091 08
Vlachovo,Rožňava,049 25
Vlachy,Liptovský Mikuláš,032 13
Vlčany,Šaľa,925 87
Vlčkovce,Trnava,919 43
Vlkanová,Banská Bystrica,976 11
Vlkas,Nové Zámky,943 41
Vlková,Kežmarok,059 52
Vlkovce,Kežmarok,059 74
Vlky,Senec,900 42
Vlkyňa,Rimavská Sobota,980 01
Voderady,Trnava,919 42
Vojany,Michalovce,079 01
Vojčice,Trebišov,079 01
Vojka,Trebišov,076 74
Vojka nad Dunajom,Dunajská Streda,930 11
Vojkovce,Spišská Nová Ves,053 02
Vojnatina,Sobrance,073 61
Vojňany,Kežmarok,059 56
Vojtovce,Stropkov,091 09
Volica,Medzilaborce,067 01
Volkovce,Zlaté Moravce,951 56
Voľa,Michalovce,072 59
Voznica,Žarnovica,966 53
Vozokany,Galanta,925 11
Vozokany,Topoľčany,956 18
Vráble,Nitra,951 96
Vrádište,Skalica,908 76
Vrakúň,Dunajská Streda,930 07
Vranov nad Topľou,Vranov nad Topľou,093 01
Vrbnica,Michalovce,072 57
Vrbov,Kežmarok,059 72
Vrbovce,Myjava,907 52
Vrbová nad Váhom,Komárno,946 18
Vrbové,Piešťany,922 03
Vrbovka,Veľký Krtíš,991 07
Vrchteplá,Považská Bystrica,017 01
Vrícko,Martin,038 45
Vršatské Podhradie,Ilava,018 57
Vrútky,Martin,038 02
Vtáčkovce,Košice-okolie,044 02
Výborná,Kežmarok,059 91
Výčapy-Opatovce,Nitra,951 54
Vydrany,Dunajská Streda,930 09
Vydrná,Púchov,020 61
Vydrník,Poprad,059 05
Vyhne,Žiar nad Hronom,966 02
Východná,Liptovský Mikuláš,032 05
Výrava,Medzilaborce,067 23
Vysočany,Bánovce nad Bebravou,957 07
Vysoká,Banská Štiavnica,969 01
Vysoká,Sabinov,082 71
Vysoká nad Kysucou,Čadca,023 55
Vysoká nad Uhom,Michalovce,072 65
Vysoká pri Morave,Malacky,900 66
Vysoké Tatry,Poprad,062 01
Vyškovce,Stropkov,091 04
Vyškovce nad Ipľom,Levice,935 75
Vyšná Boca,Liptovský Mikuláš,032 34
Vyšná Hutka,Košice-okolie,044 25
Vyšná Jablonka,Humenné,067 61
Vyšná Jedľová,Svidník,090 17
Vyšná Kamenica,Košice-okolie,044 83
Vyšná Myšľa,Košice-okolie,044 13
Vyšná Olšava,Stropkov,091 01
Vyšná Pisaná,Svidník,090 57
Vyšná Polianka,Bardejov,086 31
Vyšná Rybnica,Sobrance,073 57
Vyšná Sitnica,Humenné,067 13
Vyšná Slaná,Rožňava,049 25
Vyšná Šebastová,Prešov,080 06
Vyšná Voľa,Bardejov,086 33
Vyšné Ladičkovce,Humenné,067 26
Vyšné nad Hronom,Levice,935 31
Vyšné Nemecké,Sobrance,073 01
Vyšné Remety,Sobrance,072 41
Vyšné Repaše,Levoča,054 01
Vyšné Ružbachy,Stará Ľubovňa,065 02
Vyšné Valice,Rimavská Sobota,982 52
Vyšný Čaj,Košice-okolie,044 16
Vyšný Hrabovec,Vranov nad Topľou,093 05
Vyšný Hrušov,Vranov nad Topľou,093 04
Vyšný Kazimír,Vranov nad Topľou,094 09
Vyšný Klátov,Košice-okolie,044 42
Vyšný Komárnik,Svidník,090 15
Vyšný Kručov,Vranov nad Topľou,093 05
Vyšný Kubín,Dolný Kubín,026 01
Vyšný Medzev,Košice-okolie,044 25
Vyšný Mirošov,Svidník,090 16
Vyšný Orlík,Svidník,090 02
Vyšný Skálnik,Rimavská Sobota,980 01
Vyšný Slavkov,Levoča,082 71
Vyšný Tvarožec,Bardejov,086 06
Vyšný Žipov,Vranov nad Topľou,076 78
Zábiedovo,Tvrdošín,028 01
Záborie,Martin,038 02
Záborské,Prešov,082 54
Zádiel,Košice-okolie,044 02
Zádor,Rimavská Sobota,980 42
Záhor,Sobrance,072 53
Záhorce,Veľký Krtíš,991 06	
Záhorie (vojenský obvod),Malacky,901 01	
Záhorská Ves,Malacky,900 65
Záhradné,Prešov,082 16
Zacharovce,Rimavská Sobota,980 01
Zákamenné,Námestovo,029 56
Zákopčie,Čadca,023 11
Zalaba,Levice,937 01
Zálesie,Kežmarok,059 04
Zálesie,Senec,900 27
Zalužice,Michalovce,072 23
Zamarovce,Trenčín,911 05
Zámutov,Vranov nad Topľou,093 03
Záriečie,Púchov,020 61
Záskalie,Považská Bystrica,017 01
Zatín,Trebišov,076 53
Závada,Topoľčany,956 03
Závada,Humenné,066 01
Závada,Veľký Krtíš,991 21
Závadka,Humenné,066 01
Závadka,Gelnica,055 65
Závadka,Michalovce,072 54
Závadka nad Hronom,Brezno,977 67
Zavar,Trnava,919 26
Závažná Poruba,Liptovský Mikuláš,032 02
Závod,Malacky,908 72
Zázrivá,Dolný Kubín,027 05
Zbehňov,Trebišov,076 14
Zbehy,Nitra,951 44
Zbrojníky,Levice,935 89
Zbudská Belá,Medzilaborce,067 06
Zbudské Dlhé,Humenné,067 12
Zboj,Snina,067 66
Zbojné,Medzilaborce,067 24
Zbojov,Trenčín,913 04
Zborov,Bardejov,086 31
Zborov nad Bystricou,Čadca,023 03
Zbudza,Michalovce,072 15
Zbudská Belá,Medzilaborce,067 06
Zbyňov,Žilina,013 19	
Zeleneč,Trnava,919 21
Zemianska Olča,Komárno,946 14	
Zemianske Kostoľany,Prievidza,972 43	
Zemianske Podhradie,Nové Mesto nad Váhom,913 07
Zemianske Sady,Galanta,925 54
Zemiansky Vrbovok,Krupina,962 41	
Zemné,Nové Zámky,941 22
Zemplín,Trebišov,076 13
Zemplínska Nová Ves,Trebišov,076 14
Zemplínska Široká,Michalovce,072 13
Zemplínska Teplica,Trebišov,076 11
Zemplínske Hámre,Snina,067 77
Zemplínske Hradište,Trebišov,076 01
Zemplínske Jastrabie,Trebišov,076 %5
Zemplínske Kopčany,Michalovce,072 17
Zemplínsky Branč,Trebišov,076 17
Zlatá Baňa,Prešov,082 53
Zlatá Idka,Košice-okolie,044 61
Zlaté,Bardejov,086 01
Zlaté Klasy,Dunajská Streda,930 34
Zlaté Moravce,Zlaté Moravce,953 01
Zlatná na Ostrove,Komárno,930 06
Zlatník,Vranov nad Topľou,094 33
Zlatníky,Bánovce nad Bebravou,956 37
Zlatno,Poltár,985 25
Zlatno,Zlaté Moravce,951 91
Zliechov,Ilava,018 21
Zohor,Malacky,900 51
Zombor,Veľký Krtíš,991 22
Zubák,Púchov,020 62
Zuberec,Tvrdošín,027 32
Zubné,Humenné,066 01
Zubrohlava,Námestovo,029 43
Zvolen,Zvolen,960 01
Zvolenská Slatina,Zvolen,962 01
Zvončín,Trnava,919 01
Žabokreky,Martin,038 02
Žabokreky nad Nitrou,Partizánske,958 52
Žakarovce,Gelnica,055 52
Žakovce,Kežmarok,059 76
Žalobín,Vranov nad Topľou,067 16
Žarnov,Košice-okolie,044 02
Žarnovica,Žarnovica,966 81
Žaškov,Dolný Kubín,026 32
Žbince,Michalovce,072 56
Ždaňa,Košice-okolie,044 71
Ždiar,Poprad,059 55
Žehňa,Prešov,082 06
Žehra,Spišská Nová Ves,053 05
Železná Breznica,Zvolen,962 34
Železník,Svidník,049 11
Želiezovce,Levice,937 01
Želmanovce,Svidník,090 04
Želovce,Veľký Krtíš,991 06
Žemberovce,Levice,935 54
Žemliare,Levice,935 57
Žiar,Liptovský Mikuláš,032 15
Žiar,Revúca,049 11
Žiar nad Hronom,Žiar nad Hronom,965 01
Žibritov,Krupina,962 61
Žihárec,Šaľa,925 83
Žikava,Zlaté Moravce,951 76
Žilina,Žilina,010 01
Žíp,Rimavská Sobota,980 21
Žipov,Prešov,082 56
Žirany,Nitra,951 53
Žitavany,Zlaté Moravce,951 53
Žitavce,Šaľa,925 83
Žitná-Radiša,Bánovce nad Bebravou,956 41
Žlkovce,Hlohovec,920 52
Župčany,Prešov,082 53
Župkov,Žarnovica,966 71
